OPERATION,TIME,OCCURENCES
insert,227.530391,500301
inplace_insert,0.000000,0
remove,227.530390,499699
update,0.000000,0
lookup,0.000000,0
