OPERATION,FLUSH,OCCURENCES
insert,515.000000,1305064
inplace_insert,30727.000000,14959
remove,30524.000000,14888
update,30873.000000,15049
lookup,8189.000000,150040
