OPERATION,FLUSH,OCCURENCES
insert,87248.000000,87999
inplace_insert,11861.000000,3955
remove,8067.000000,4031
update,12151.000000,4048
lookup,670.000000,99967
