OPERATION,TIME (s),OCCURENCES
insert,0.681508,434877
inplace_insert,0.313269,4933
remove,0.334065,5013
update,0.334767,5062
lookup,1.429224,50115
Total:,3.207753
