OPERATION,TIME (s),OCCURENCES
insert,0.051888,434877
inplace_insert,0.122838,4933
remove,0.126822,5013
update,0.127631,5062
lookup,1.219685,50115
Total:,1.827410
