OPERATION,TIME (s),OCCURENCES
insert,0.040568,234547
inplace_insert,0.280809,4977
remove,0.303154,5040
update,0.307418,5111
lookup,13.967931,250325
Total:,15.016780
