OPERATION,TIME (s),OCCURENCES
insert,0.097044,870073
inplace_insert,0.715700,9947
remove,0.772811,9964
update,0.764513,10002
lookup,7.129717,100014
Total:,9.707986
