OPERATION,TIME (s),OCCURENCES
insert,0.003673,35075
inplace_insert,0.069544,4925
remove,0.068445,5013
update,0.071178,5089
lookup,6.247942,449898
Total:,6.552621
