OPERATION,FLUSH,OCCURENCES
insert,5720.000000,470019
inplace_insert,1525.000000,10074
remove,1250.000000,10081
update,979.000000,10090
lookup,57267.000000,499736
Total:,8535.000000
