OPERATION,TIME (s),OCCURENCES
insert,0.367062,234547
inplace_insert,0.263849,4977
remove,0.284716,5040
update,0.291356,5111
lookup,5.351902,250325
Total:,6.668254
