OPERATION,TIME (s),OCCURENCES
insert,0.003490,35075
inplace_insert,0.069813,4925
remove,0.068592,5013
update,0.071070,5089
lookup,6.266142,449898
Total:,6.568940
