OPERATION,TIME,OCCURENCES
insert,0.026423,87999
inplace_insert,0.614644,3955
remove,0.740624,4031
update,0.739633,4048
lookup,15.242486,99967
