OPERATION,TIME (s),OCCURENCES
insert,0.008812,70007
inplace_insert,0.933616,9994
remove,0.993769,10103
update,0.982086,10091
lookup,82.579177,899805
Total:,85.738526
