OPERATION,TIME (s),OCCURENCES
insert,0.062489,35075
inplace_insert,0.216310,4925
remove,0.223587,5013
update,0.234510,5089
lookup,19.152646,449898
Total:,19.998573
