OPERATION,TIME (s),OCCURENCES
insert,0.201783,104772
inplace_insert,1.315728,15103
remove,1.298432,15194
update,1.280490,15064
lookup,114.080713,1349867
