OPERATION,TIME (s),OCCURENCES
insert,0.375252,234547
inplace_insert,0.264100,4977
remove,0.285136,5040
update,0.291469,5111
lookup,5.360481,250325
Total:,6.696071
