OPERATION,TIME,OCCURENCES
insert,0.004056,14108
inplace_insert,0.055621,1956
remove,0.061960,1976
update,0.061874,1960
lookup,4.954264,180000
