OPERATION,TIME (s),OCCURENCES
insert,1.164394,704817
inplace_insert,1.978032,15115
remove,2.201898,15003
update,2.230845,15092
lookup,97.066114,749973
