OPERATION,TIME,OCCURENCES
insert,0.045382,150123
inplace_insert,2.783659,10093
remove,3.234273,10090
update,3.202443,10007
lookup,5.403451,19687
