OPERATION,TIME (s),OCCURENCES
insert,0.110373,870073
inplace_insert,1.354772,9947
remove,1.428066,9964
update,1.420655,10002
lookup,13.460761,100014
Total:,18.106579
