OPERATION,TIME (s),OCCURENCES
insert,2.120977,1305064
inplace_insert,2.230279,14959
remove,2.439674,14888
update,2.484984,15049
lookup,22.123104,150040
