OPERATION,TIME (s),OCCURENCES
insert,0.129451,704817
inplace_insert,1.996330,15115
remove,2.222610,15003
update,2.235897,15092
lookup,97.895434,749973
