OPERATION,TIME (s),OCCURENCES
insert,0.115507,870073
inplace_insert,1.353818,9947
remove,1.433929,9964
update,1.422280,10002
lookup,13.428476,100014
Total:,18.082140
