OPERATION,TIME (s),OCCURENCES
insert,2.135687,1305064
inplace_insert,2.238298,14959
remove,2.439633,14888
update,2.556455,15049
lookup,22.203538,150040
