OPERATION,TIME (s),OCCURENCES
insert,0.063452,470019
inplace_insert,1.274530,10074
remove,1.357465,10081
update,1.343218,10090
lookup,62.095194,499736
Total:,66.372808
