OPERATION,TIME (s),OCCURENCES
insert,0.004281,35075
inplace_insert,0.216665,4925
remove,0.228430,5013
update,0.235934,5089
lookup,19.361285,449898
Total:,20.156940
