OPERATION,TIME (s),OCCURENCES
insert,0.110939,70007
inplace_insert,0.937557,9994
remove,0.993602,10103
update,0.989973,10091
lookup,82.927614,899805
Total:,86.201210
