OPERATION,TIME (s),OCCURENCES
insert,0.044445,434877
inplace_insert,0.130821,4933
remove,0.130832,5013
update,0.129282,5062
lookup,1.327003,50115
Total:,1.870620
