OPERATION,TIME (s),OCCURENCES
insert,0.006228,35075
inplace_insert,0.210983,4925
remove,0.226005,5013
update,0.233152,5089
lookup,18.769498,449898
Total:,19.560235
