OPERATION,TIME,OCCURENCES
insert,0.044531,150123
inplace_insert,2.739408,10093
remove,3.186881,10090
update,3.161322,10007
lookup,5.296559,19687
