OPERATION,TIME (s),OCCURENCES
insert,0.066167,470019
inplace_insert,0.596198,10074
remove,0.656931,10081
update,0.648730,10090
lookup,29.108331,499736
Total:,31.304554
