OPERATION,TIME (s),OCCURENCES
insert,0.064365,470019
inplace_insert,1.315463,10074
remove,1.378668,10081
update,1.364908,10090
lookup,62.959556,499736
Total:,67.329088
