OPERATION,TIME (s),OCCURENCES
insert,0.026507,234547
inplace_insert,0.427948,4977
remove,0.419988,5040
update,0.437702,5111
lookup,21.793495,250325
Total:,23.210557
