OPERATION,TIME (s),OCCURENCES
insert,0.691856,434877
inplace_insert,0.287482,4933
remove,0.308487,5013
update,0.309552,5062
lookup,1.321592,50115
Total:,3.033699
