OPERATION,TIME (s),OCCURENCES
insert,0.052582,434877
inplace_insert,0.123205,4933
remove,0.126729,5013
update,0.127586,5062
lookup,1.218638,50115
Total:,1.828008
