OPERATION,TIME (s),OCCURENCES
insert,0.007790,70007
inplace_insert,0.353324,9994
remove,0.375095,10103
update,0.369200,10091
lookup,31.436108,899805
Total:,32.734365
