OPERATION,TIME,OCCURENCES
insert,0.222913,150123
inplace_insert,2.719032,10093
remove,3.184516,10090
update,3.151431,10007
lookup,5.264205,19687
