OPERATION,FLUSH,OCCURENCES
insert,13996.000000,14108
inplace_insert,5842.000000,1956
remove,3942.000000,1976
update,5852.000000,1960
lookup,142.000000,180000
