OPERATION,TIME (s),OCCURENCES
insert,0.054908,35075
inplace_insert,0.219203,4925
remove,0.222442,5013
update,0.233584,5089
lookup,19.015850,449898
Total:,19.854689
