OPERATION,TIME (s),OCCURENCES
insert,1.491910,870073
inplace_insert,1.393985,9947
remove,1.467104,9964
update,1.468398,10002
lookup,13.832926,100014
Total:,19.893638
