OPERATION,TIME (s),OCCURENCES
insert,0.110184,70007
inplace_insert,0.943931,9994
remove,1.002484,10103
update,0.997976,10091
lookup,83.530475,899805
Total:,86.821394
