OPERATION,TIME (s),OCCURENCES
insert,0.066647,470019
inplace_insert,0.602662,10074
remove,0.668047,10081
update,0.658748,10090
lookup,29.449131,499736
Total:,31.684270
