OPERATION,TIME (s),OCCURENCES
insert,0.007713,70007
inplace_insert,0.060963,9994
remove,0.057064,10103
update,0.057752,10091
lookup,5.130161,899805
Total:,5.491646
