OPERATION,FLUSH,OCCURENCES
insert,5424.000000,470019
inplace_insert,1764.000000,10074
remove,953.000000,10081
update,1177.000000,10090
lookup,50021.000000,499736
Total:,8172.000000
