OPERATION,TIME (s),OCCURENCES
insert,0.054181,434877
inplace_insert,0.307811,4933
remove,0.332401,5013
update,0.327113,5062
lookup,3.097528,50115
Total:,4.280668
