OPERATION,FLUSH,OCCURENCES
insert,4417.000000,234547
inplace_insert,615.000000,4977
remove,655.000000,5040
update,485.000000,5111
lookup,29086.000000,250325
Total:,5710.000000
