OPERATION,TIME (s),OCCURENCES
insert,0.101338,870073
inplace_insert,0.476532,9947
remove,0.478435,9964
update,0.479175,10002
lookup,4.658604,100014
Total:,6.544801
