OPERATION,TIME (s),OCCURENCES
insert,0.061565,35075
inplace_insert,0.218016,4925
remove,0.227186,5013
update,0.238457,5089
lookup,19.442789,449898
Total:,20.296591
