OPERATION,TIME (s),OCCURENCES
insert,0.023770,234547
inplace_insert,0.105987,4977
remove,0.105829,5040
update,0.106870,5111
lookup,5.310164,250325
Total:,5.755731
