OPERATION,TIME (s),OCCURENCES
insert,0.004551,35075
inplace_insert,0.020217,4925
remove,0.018004,5013
update,0.019187,5089
lookup,1.623858,449898
Total:,1.780596
