OPERATION,FLUSH,OCCURENCES
insert,137.000000,704817
inplace_insert,30342.000000,15115
remove,30041.000000,15003
update,30307.000000,15092
lookup,5542.000000,749973
