OPERATION,TIME (s),OCCURENCES
insert,0.004145,35075
inplace_insert,0.074707,4925
remove,0.072619,5013
update,0.075248,5089
lookup,6.542889,449898
Total:,6.858740
