OPERATION,TIME (s),OCCURENCES
insert,0.054913,434877
inplace_insert,0.307402,4933
remove,0.331328,5013
update,0.328696,5062
lookup,3.095898,50115
Total:,4.287429
