OPERATION,FLUSH,OCCURENCES
insert,628.000000,70007
inplace_insert,383.000000,9994
remove,298.000000,10103
update,274.000000,10091
lookup,25825.000000,899805
Total:,1317.000000
