OPERATION,FLUSH,OCCURENCES
insert,0.000000,35075
inplace_insert,0.000000,4925
remove,0.000000,5013
update,0.000000,5089
lookup,0.000000,449898
Total:,1.000000
