OPERATION,TIME,OCCURENCES
insert,0.026975,87999
inplace_insert,0.621890,3955
remove,0.752269,4031
update,0.758484,4048
lookup,15.527220,99967
