OPERATION,TIME,OCCURENCES
insert,0.044127,150123
inplace_insert,2.740224,10093
remove,3.185542,10090
update,3.154852,10007
lookup,5.333552,19687
