OPERATION,TIME (s),OCCURENCES
insert,0.007650,70007
inplace_insert,0.362862,9994
remove,0.381995,10103
update,0.376839,10091
lookup,32.275179,899805
Total:,33.595062
