OPERATION,TIME (s),OCCURENCES
insert,0.028659,234547
inplace_insert,0.262054,4977
remove,0.286104,5040
update,0.289201,5111
lookup,13.052193,250325
Total:,14.034472
