OPERATION,FLUSH,OCCURENCES
insert,148821.000000,150123
inplace_insert,30482.000000,10093
remove,20386.000000,10090
update,30226.000000,10007
lookup,507.000000,19687
