OPERATION,TIME (s),OCCURENCES
insert,0.300531,1305064
inplace_insert,2.358399,14959
remove,2.539099,14888
update,2.577957,15049
lookup,23.393744,150040
