OPERATION,TIME (s),OCCURENCES
insert,0.061390,470019
inplace_insert,0.390342,10074
remove,0.379636,10081
update,0.379086,10090
lookup,18.481624,499736
Total:,19.972843
