OPERATION,TIME (s),OCCURENCES
insert,0.107437,104772
inplace_insert,1.307413,15103
remove,1.304747,15194
update,1.268159,15064
lookup,114.329512,1349867
