OPERATION,TIME,OCCURENCES
insert,0.221990,150123
inplace_insert,2.719117,10093
remove,3.184406,10090
update,3.150758,10007
lookup,5.265357,19687
