OPERATION,FLUSH,OCCURENCES
insert,5.000000,104772
inplace_insert,30195.000000,15103
remove,30316.000000,15194
update,30118.000000,15064
lookup,986.000000,1349867
