OPERATION,TIME (s),OCCURENCES
insert,0.003970,35075
inplace_insert,0.074008,4925
remove,0.072727,5013
update,0.075298,5089
lookup,6.643868,449898
Total:,6.967018
