OPERATION,TIME (s),OCCURENCES
insert,0.051563,434877
inplace_insert,0.286966,4933
remove,0.308107,5013
update,0.305275,5062
lookup,2.893051,50115
Total:,3.998815
