OPERATION,FLUSH,OCCURENCES
insert,12.000000,104772
inplace_insert,30194.000000,15103
remove,30317.000000,15194
update,30116.000000,15064
lookup,987.000000,1349867
