OPERATION,FLUSH,OCCURENCES
insert,3.000000,104772
inplace_insert,30199.000000,15103
remove,30316.000000,15194
update,30116.000000,15064
lookup,985.000000,1349867
