OPERATION,TIME (s),OCCURENCES
insert,0.059853,470019
inplace_insert,0.651268,10074
remove,0.657755,10081
update,0.638521,10090
lookup,32.431823,499736
Total:,34.664217
