OPERATION,TIME (s),OCCURENCES
insert,0.685004,434877
inplace_insert,0.301798,4933
remove,0.323271,5013
update,0.324715,5062
lookup,1.386247,50115
Total:,3.138196
