OPERATION,TIME (s),OCCURENCES
insert,0.043206,434877
inplace_insert,0.130388,4933
remove,0.130183,5013
update,0.128628,5062
lookup,1.322777,50115
Total:,1.863114
