OPERATION,TIME (s),OCCURENCES
insert,0.737299,470019
inplace_insert,1.273391,10074
remove,1.339006,10081
update,1.334050,10090
lookup,61.979723,499736
Total:,66.916386
