OPERATION,TIME (s),OCCURENCES
insert,0.007961,70007
inplace_insert,0.060148,9994
remove,0.056004,10103
update,0.056655,10091
lookup,5.071386,899805
Total:,5.434650
