OPERATION,FLUSH,OCCURENCES
insert,0.000000,434877
inplace_insert,9839.000000,4933
remove,10002.000000,5013
update,10100.000000,5062
lookup,0.000000,50115
Total:,19842.000000
