OPERATION,FLUSH,OCCURENCES
insert,605.000000,70007
inplace_insert,275.000000,9994
remove,287.000000,10103
update,197.000000,10091
lookup,23748.000000,899805
Total:,1173.000000
