OPERATION,TIME,OCCURENCES
insert,0.003928,14108
inplace_insert,0.055555,1956
remove,0.061764,1976
update,0.061517,1960
lookup,4.934711,180000
