OPERATION,TIME (s),OCCURENCES
insert,0.003515,35075
inplace_insert,0.069461,4925
remove,0.068046,5013
update,0.070688,5089
lookup,6.245981,449898
Total:,6.549550
