OPERATION,TIME (s),OCCURENCES
insert,0.049443,434877
inplace_insert,0.493311,4933
remove,0.508832,5013
update,0.510448,5062
lookup,5.015793,50115
Total:,6.742313
