OPERATION,TIME (s),OCCURENCES
insert,1.376707,870073
inplace_insert,1.411861,9947
remove,1.479531,9964
update,1.476837,10002
lookup,13.964232,100014
Total:,19.947644
