OPERATION,FLUSH,OCCURENCES
insert,689.000000,70007
inplace_insert,195.000000,9994
remove,303.000000,10103
update,201.000000,10091
lookup,26078.000000,899805
Total:,1189.000000
