OPERATION,TIME (s),OCCURENCES
insert,0.362025,234547
inplace_insert,0.264598,4977
remove,0.284900,5040
update,0.291401,5111
lookup,5.350254,250325
Total:,6.662240
