OPERATION,TIME (s),OCCURENCES
insert,0.004330,35075
inplace_insert,0.020254,4925
remove,0.018148,5013
update,0.019289,5089
lookup,1.653620,449898
Total:,1.804568
