OPERATION,TIME (s),OCCURENCES
insert,0.744055,470019
inplace_insert,1.266308,10074
remove,1.332401,10081
update,1.326512,10090
lookup,61.567458,499736
Total:,66.483770
