OPERATION,TIME (s),OCCURENCES
insert,0.030684,234547
inplace_insert,0.128685,4977
remove,0.125063,5040
update,0.129441,5111
lookup,6.420159,250325
Total:,6.947259
