OPERATION,TIME,OCCURENCES
insert,0.020580,14108
inplace_insert,0.056695,1956
remove,0.062465,1976
update,0.062992,1960
lookup,5.007754,180000
