OPERATION,FLUSH,OCCURENCES
insert,144.000000,704817
inplace_insert,30352.000000,15115
remove,30053.000000,15003
update,30300.000000,15092
lookup,5511.000000,749973
