OPERATION,TIME (s),OCCURENCES
insert,0.061518,35075
inplace_insert,0.213253,4925
remove,0.221313,5013
update,0.232480,5089
lookup,18.940313,449898
Total:,19.777279
