OPERATION,TIME (s),OCCURENCES
insert,0.113251,70007
inplace_insert,0.947352,9994
remove,1.003897,10103
update,0.998127,10091
lookup,83.842282,899805
Total:,87.146471
