OPERATION,TIME (s),OCCURENCES
insert,0.675316,434877
inplace_insert,0.306954,4933
remove,0.328557,5013
update,0.327995,5062
lookup,3.081396,50115
Total:,4.836969
