OPERATION,TIME,OCCURENCES
insert,0.044848,150123
inplace_insert,2.730165,10093
remove,3.187000,10090
update,3.165502,10007
lookup,5.309866,19687
