OPERATION,TIME (s),OCCURENCES
insert,1.385541,870073
inplace_insert,1.429267,9947
remove,1.503901,9964
update,1.501120,10002
lookup,14.178386,100014
Total:,20.238413
