OPERATION,TIME (s),OCCURENCES
insert,0.070076,470019
inplace_insert,0.621050,10074
remove,0.681357,10081
update,0.673342,10090
lookup,30.306694,499736
Total:,32.586295
