OPERATION,TIME (s),OCCURENCES
insert,0.665240,434877
inplace_insert,0.304309,4933
remove,0.324853,5013
update,0.325399,5062
lookup,3.058231,50115
Total:,4.792904
