OPERATION,TIME (s),OCCURENCES
insert,0.003707,35075
inplace_insert,0.069564,4925
remove,0.068322,5013
update,0.070966,5089
lookup,6.251980,449898
Total:,6.557693
