OPERATION,TIME (s),OCCURENCES
insert,1.197421,704817
inplace_insert,2.012949,15115
remove,2.220737,15003
update,2.242697,15092
lookup,98.583945,749973
