OPERATION,TIME (s),OCCURENCES
insert,0.029019,234547
inplace_insert,0.279610,4977
remove,0.302307,5040
update,0.305242,5111
lookup,13.920288,250325
Total:,14.953857
