OPERATION,TIME (s),OCCURENCES
insert,0.009667,70007
inplace_insert,0.932361,9994
remove,0.993888,10103
update,0.981166,10091
lookup,82.453752,899805
Total:,85.598233
