OPERATION,FLUSH,OCCURENCES
insert,87256.000000,87999
inplace_insert,11859.000000,3955
remove,8066.000000,4031
update,12150.000000,4048
lookup,665.000000,99967
