OPERATION,FLUSH,OCCURENCES
insert,5616.000000,470019
inplace_insert,1472.000000,10074
remove,1167.000000,10081
update,990.000000,10090
lookup,56953.000000,499736
Total:,8315.000000
