OPERATION,TIME (s),OCCURENCES
insert,0.069208,470019
inplace_insert,0.618182,10074
remove,0.676009,10081
update,0.668638,10090
lookup,30.228811,499736
Total:,32.483685
