OPERATION,FLUSH,OCCURENCES
insert,1687.000000,470019
inplace_insert,1931.000000,10074
remove,1064.000000,10081
update,1258.000000,10090
lookup,49366.000000,499736
Total:,4702.000000
