OPERATION,TIME,OCCURENCES
insert,0.003976,14108
inplace_insert,0.055816,1956
remove,0.062051,1976
update,0.062104,1960
lookup,4.975987,180000
