OPERATION,FLUSH,OCCURENCES
insert,2.000000,104772
inplace_insert,30195.000000,15103
remove,30322.000000,15194
update,30114.000000,15064
lookup,987.000000,1349867
