OPERATION,TIME (s),OCCURENCES
insert,0.375372,234547
inplace_insert,0.285980,4977
remove,0.304939,5040
update,0.311532,5111
lookup,14.145665,250325
Total:,15.541133
