OPERATION,TIME (s),OCCURENCES
insert,0.023915,234547
inplace_insert,0.106110,4977
remove,0.106889,5040
update,0.107305,5111
lookup,5.324994,250325
Total:,5.776074
