OPERATION,TIME (s),OCCURENCES
insert,0.023622,234547
inplace_insert,0.105980,4977
remove,0.105922,5040
update,0.107224,5111
lookup,5.310815,250325
Total:,5.755948
