OPERATION,FLUSH,OCCURENCES
insert,84647.000000,14108
inplace_insert,11736.000000,1956
remove,3951.000000,1976
update,11760.000000,1960
lookup,180000.000000,180000
