OPERATION,TIME (s),OCCURENCES
insert,0.009448,70007
inplace_insert,0.928641,9994
remove,0.990587,10103
update,0.978345,10091
lookup,82.350473,899805
Total:,85.489132
