OPERATION,TIME (s),OCCURENCES
insert,0.060894,470019
inplace_insert,0.614029,10074
remove,0.675428,10081
update,0.668199,10090
lookup,29.965517,499736
Total:,32.214971
