OPERATION,TIME (s),OCCURENCES
insert,0.046540,434877
inplace_insert,0.139612,4933
remove,0.139481,5013
update,0.137986,5062
lookup,1.416829,50115
Total:,1.996671
