OPERATION,TIME (s),OCCURENCES
insert,0.074205,470019
inplace_insert,3.152536,10074
remove,3.127246,10081
update,2.978004,10090
lookup,150.599525,499736
Total:,160.189155
