OPERATION,TIME,OCCURENCES
insert,0.220652,150123
inplace_insert,2.719155,10093
remove,3.185426,10090
update,3.153484,10007
lookup,5.269817,19687
