OPERATION,TIME (s),OCCURENCES
insert,0.052440,434877
inplace_insert,0.286742,4933
remove,0.308449,5013
update,0.307007,5062
lookup,2.887554,50115
Total:,4.004861
