OPERATION,TIME (s),OCCURENCES
insert,1.223633,704817
inplace_insert,1.979877,15115
remove,2.200263,15003
update,2.220463,15092
lookup,96.963850,749973
