OPERATION,FLUSH,OCCURENCES
insert,0.000000,470019
inplace_insert,0.000000,10074
remove,0.000000,10081
update,0.000000,10090
lookup,0.000000,499736
Total:,1.000000
