OPERATION,TIME (s),OCCURENCES
insert,0.028578,234547
inplace_insert,0.261711,4977
remove,0.285337,5040
update,0.287824,5111
lookup,13.036313,250325
Total:,14.016519
