OPERATION,TIME (s),OCCURENCES
insert,0.110658,870073
inplace_insert,1.443765,9947
remove,1.448210,9964
update,1.442833,10002
lookup,13.556506,100014
Total:,18.331837
