OPERATION,FLUSH,OCCURENCES
insert,4005.000000,234547
inplace_insert,813.000000,4977
remove,716.000000,5040
update,613.000000,5111
lookup,27782.000000,250325
Total:,5555.000000
