OPERATION,TIME (s),OCCURENCES
insert,0.008479,70007
inplace_insert,0.065915,9994
remove,0.060905,10103
update,0.061653,10091
lookup,5.593341,899805
Total:,5.977696
