OPERATION,TIME,OCCURENCES
insert,0.004020,14108
inplace_insert,0.055735,1956
remove,0.061941,1976
update,0.061842,1960
lookup,4.950269,180000
