OPERATION,TIME (s),OCCURENCES
insert,0.065225,470019
inplace_insert,1.293819,10074
remove,1.408736,10081
update,1.365089,10090
lookup,62.755620,499736
Total:,67.132793
