OPERATION,TIME (s),OCCURENCES
insert,0.043240,434877
inplace_insert,0.130515,4933
remove,0.130323,5013
update,0.129003,5062
lookup,1.324637,50115
Total:,1.865509
