OPERATION,FLUSH,OCCURENCES
insert,1407281.000000,234547
inplace_insert,24885.000000,4977
remove,10080.000000,5040
update,25555.000000,5111
lookup,250325.000000,250325
Total:,1442247.000000
