OPERATION,TIME (s),OCCURENCES
insert,0.009323,70007
inplace_insert,0.933454,9994
remove,0.994347,10103
update,0.993400,10091
lookup,82.693346,899805
Total:,85.846423
