OPERATION,TIME (s),OCCURENCES
insert,0.007348,35075
inplace_insert,0.213156,4925
remove,0.229304,5013
update,0.236869,5089
lookup,19.095125,449898
Total:,19.897140
