OPERATION,TIME (s),OCCURENCES
insert,1.364518,870073
inplace_insert,1.367577,9947
remove,1.442732,9964
update,1.439415,10002
lookup,13.566312,100014
Total:,19.411781
