OPERATION,TIME (s),OCCURENCES
insert,0.029719,234547
inplace_insert,0.428541,4977
remove,0.419349,5040
update,0.438388,5111
lookup,21.812244,250325
Total:,23.235579
