OPERATION,TIME (s),OCCURENCES
insert,0.024105,234547
inplace_insert,0.106172,4977
remove,0.106131,5040
update,0.107231,5111
lookup,5.322814,250325
Total:,5.773570
