OPERATION,TIME (s),OCCURENCES
insert,0.008147,70007
inplace_insert,0.062796,9994
remove,0.058387,10103
update,0.059392,10091
lookup,5.302476,899805
Total:,5.675526
