OPERATION,FLUSH,OCCURENCES
insert,148829.000000,150123
inplace_insert,30479.000000,10093
remove,20385.000000,10090
update,30219.000000,10007
lookup,512.000000,19687
