OPERATION,TIME (s),OCCURENCES
insert,2.112234,1305064
inplace_insert,2.301144,14959
remove,2.432572,14888
update,2.476710,15049
lookup,22.118538,150040
