OPERATION,TIME (s),OCCURENCES
insert,0.054528,434877
inplace_insert,0.303697,4933
remove,0.327808,5013
update,0.324933,5062
lookup,3.059538,50115
Total:,4.238305
