OPERATION,TIME,OCCURENCES
insert,0.026447,87999
inplace_insert,0.614160,3955
remove,0.740118,4031
update,0.741078,4048
lookup,15.291578,99967
