OPERATION,TIME (s),OCCURENCES
insert,0.049738,434877
inplace_insert,0.495040,4933
remove,0.509328,5013
update,0.510889,5062
lookup,5.029335,50115
Total:,6.758122
