OPERATION,TIME (s),OCCURENCES
insert,0.004336,35075
inplace_insert,0.203866,4925
remove,0.214838,5013
update,0.221912,5089
lookup,18.208489,449898
Total:,18.959250
