OPERATION,TIME (s),OCCURENCES
insert,0.045672,434877
inplace_insert,0.136935,4933
remove,0.136681,5013
update,0.135480,5062
lookup,1.389606,50115
Total:,1.956506
