OPERATION,FLUSH,OCCURENCES
insert,511.000000,35075
inplace_insert,198.000000,4925
remove,176.000000,5013
update,66.000000,5089
lookup,15762.000000,449898
Total:,888.000000
