OPERATION,TIME (s),OCCURENCES
insert,0.004726,35075
inplace_insert,0.020574,4925
remove,0.017979,5013
update,0.019183,5089
lookup,1.658211,449898
Total:,1.816008
