OPERATION,FLUSH,OCCURENCES
insert,549.000000,1305064
inplace_insert,30736.000000,14959
remove,30536.000000,14888
update,30901.000000,15049
lookup,8163.000000,150040
