OPERATION,TIME (s),OCCURENCES
insert,0.003687,35075
inplace_insert,0.070050,4925
remove,0.069113,5013
update,0.071655,5089
lookup,6.292518,449898
Total:,6.598791
