OPERATION,TIME (s),OCCURENCES
insert,0.101981,870073
inplace_insert,0.481879,9947
remove,0.483678,9964
update,0.484810,10002
lookup,4.721164,100014
Total:,6.623246
