OPERATION,TIME (s),OCCURENCES
insert,2.127077,1305064
inplace_insert,2.246881,14959
remove,2.458492,14888
update,2.495763,15049
lookup,22.382714,150040
