OPERATION,TIME (s),OCCURENCES
insert,0.049438,434877
inplace_insert,0.495397,4933
remove,0.509298,5013
update,0.510819,5062
lookup,5.035121,50115
Total:,6.762198
