OPERATION,TIME,OCCURENCES
insert,0.004025,14108
inplace_insert,0.055918,1956
remove,0.062383,1976
update,0.061993,1960
lookup,4.991488,180000
