OPERATION,TIME,OCCURENCES
insert,0.221947,150123
inplace_insert,2.718127,10093
remove,3.184747,10090
update,3.151357,10007
lookup,5.268209,19687
