OPERATION,TIME,OCCURENCES
insert,0.130014,87999
inplace_insert,0.608577,3955
remove,0.736672,4031
update,0.740842,4048
lookup,15.167670,99967
