OPERATION,TIME (s),OCCURENCES
insert,0.006380,35075
inplace_insert,0.212018,4925
remove,0.228052,5013
update,0.235399,5089
lookup,18.978763,449898
Total:,19.774992
