OPERATION,TIME (s),OCCURENCES
insert,0.678725,434877
inplace_insert,0.298291,4933
remove,0.318276,5013
update,0.319251,5062
lookup,2.996299,50115
Total:,4.723221
