OPERATION,TIME (s),OCCURENCES
insert,0.055257,434877
inplace_insert,0.306811,4933
remove,0.330788,5013
update,0.327973,5062
lookup,3.090858,50115
Total:,4.283485
