OPERATION,TIME (s),OCCURENCES
insert,0.026671,234547
inplace_insert,0.106037,4977
remove,0.105669,5040
update,0.106777,5111
lookup,5.315372,250325
Total:,5.767007
