OPERATION,TIME (s),OCCURENCES
insert,0.044352,434877
inplace_insert,0.130174,4933
remove,0.129927,5013
update,0.128486,5062
lookup,1.321258,50115
Total:,1.862602
