OPERATION,TIME (s),OCCURENCES
insert,0.064714,470019
inplace_insert,1.302491,10074
remove,1.388864,10081
update,1.376815,10090
lookup,63.422642,499736
Total:,67.797409
