OPERATION,TIME (s),OCCURENCES
insert,0.130629,704817
inplace_insert,1.976437,15115
remove,2.196820,15003
update,2.198093,15092
lookup,96.802550,749973
