OPERATION,FLUSH,OCCURENCES
insert,438.000000,35075
inplace_insert,133.000000,4925
remove,177.000000,5013
update,107.000000,5089
lookup,14037.000000,449898
Total:,754.000000
