OPERATION,TIME (s),OCCURENCES
insert,0.020935,104772
inplace_insert,1.264686,15103
remove,1.258011,15194
update,1.223268,15064
lookup,110.789330,1349867
