OPERATION,FLUSH,OCCURENCES
insert,148825.000000,150123
inplace_insert,30488.000000,10093
remove,20383.000000,10090
update,30218.000000,10007
lookup,515.000000,19687
