OPERATION,TIME (s),OCCURENCES
insert,0.034033,234547
inplace_insert,0.106568,4977
remove,0.106507,5040
update,0.107108,5111
lookup,5.329416,250325
Total:,5.788773
