OPERATION,TIME (s),OCCURENCES
insert,0.060103,35075
inplace_insert,0.208110,4925
remove,0.216111,5013
update,0.227321,5089
lookup,18.498717,449898
Total:,19.318215
