OPERATION,TIME (s),OCCURENCES
insert,0.097598,870073
inplace_insert,0.723994,9947
remove,0.771758,9964
update,0.764444,10002
lookup,7.135118,100014
Total:,9.724991
