OPERATION,TIME (s),OCCURENCES
insert,0.046293,434877
inplace_insert,0.136173,4933
remove,0.136152,5013
update,0.134688,5062
lookup,1.381639,50115
Total:,1.947617
