OPERATION,FLUSH,OCCURENCES
insert,5.000000,104772
inplace_insert,30200.000000,15103
remove,30317.000000,15194
update,30114.000000,15064
lookup,983.000000,1349867
