OPERATION,TIME,OCCURENCES
insert,0.020795,14108
inplace_insert,0.056223,1956
remove,0.061721,1976
update,0.062287,1960
lookup,4.950972,180000
