OPERATION,TIME (s),OCCURENCES
insert,1.347449,870073
inplace_insert,1.400697,9947
remove,1.475447,9964
update,1.478018,10002
lookup,13.886786,100014
Total:,19.825450
