OPERATION,TIME (s),OCCURENCES
insert,0.376822,234547
inplace_insert,0.284523,4977
remove,0.303853,5040
update,0.310309,5111
lookup,14.096950,250325
Total:,15.488001
