OPERATION,TIME (s),OCCURENCES
insert,0.030257,234547
inplace_insert,0.279775,4977
remove,0.305315,5040
update,0.308468,5111
lookup,13.941418,250325
Total:,14.991548
