OPERATION,TIME (s),OCCURENCES
insert,0.681304,434877
inplace_insert,0.288502,4933
remove,0.307799,5013
update,0.308989,5062
lookup,2.897819,50115
Total:,4.598578
