OPERATION,TIME (s),OCCURENCES
insert,0.110482,70007
inplace_insert,0.945521,9994
remove,1.003718,10103
update,0.998763,10091
lookup,83.612596,899805
Total:,86.910283
