OPERATION,TIME (s),OCCURENCES
insert,0.052097,434877
inplace_insert,0.122263,4933
remove,0.126733,5013
update,0.127683,5062
lookup,1.216506,50115
Total:,1.824484
