OPERATION,TIME (s),OCCURENCES
insert,0.374005,234547
inplace_insert,0.282675,4977
remove,0.303029,5040
update,0.308723,5111
lookup,14.031799,250325
Total:,15.419599
