OPERATION,TIME,OCCURENCES
insert,0.220450,150123
inplace_insert,2.720860,10093
remove,3.183654,10090
update,3.153363,10007
lookup,5.269164,19687
