OPERATION,TIME (s),OCCURENCES
insert,0.029330,234547
inplace_insert,0.262540,4977
remove,0.286590,5040
update,0.290308,5111
lookup,13.069335,250325
Total:,14.054945
