OPERATION,TIME (s),OCCURENCES
insert,0.004405,35075
inplace_insert,0.002177,4925
remove,0.000435,5013
update,0.001026,5089
lookup,0.022772,449898
Total:,0.118090
