OPERATION,TIME (s),OCCURENCES
insert,0.051314,434877
inplace_insert,0.287065,4933
remove,0.308292,5013
update,0.305467,5062
lookup,2.890234,50115
Total:,4.004362
