OPERATION,TIME (s),OCCURENCES
insert,0.028635,234547
inplace_insert,0.432092,4977
remove,0.422814,5040
update,0.441195,5111
lookup,21.998760,250325
Total:,23.435217
