OPERATION,TIME,OCCURENCES
insert,0.026440,87999
inplace_insert,0.613246,3955
remove,0.737898,4031
update,0.744005,4048
lookup,15.334051,99967
