OPERATION,TIME (s),OCCURENCES
insert,0.029299,234547
inplace_insert,0.127411,4977
remove,0.124721,5040
update,0.130588,5111
lookup,6.391791,250325
Total:,6.918172
