OPERATION,TIME (s),OCCURENCES
insert,0.269947,1305064
inplace_insert,2.357399,14959
remove,2.563355,14888
update,2.598244,15049
lookup,23.394751,150040
