OPERATION,TIME (s),OCCURENCES
insert,0.046647,434877
inplace_insert,0.139558,4933
remove,0.139409,5013
update,0.137702,5062
lookup,1.415984,50115
Total:,1.994546
