OPERATION,TIME (s),OCCURENCES
insert,2.204312,1305064
inplace_insert,2.220385,14959
remove,2.426400,14888
update,2.470990,15049
lookup,22.039261,150040
