OPERATION,TIME,OCCURENCES
insert,0.021000,14108
inplace_insert,0.056239,1956
remove,0.061851,1976
update,0.062383,1960
lookup,4.933083,180000
