OPERATION,TIME (s),OCCURENCES
insert,0.029131,234547
inplace_insert,0.263228,4977
remove,0.286982,5040
update,0.290800,5111
lookup,13.111651,250325
Total:,14.099676
