OPERATION,TIME (s),OCCURENCES
insert,0.167565,104772
inplace_insert,1.295391,15103
remove,1.253759,15194
update,1.231669,15064
lookup,110.405795,1349867
