OPERATION,TIME (s),OCCURENCES
insert,0.270036,1305064
inplace_insert,2.321675,14959
remove,2.520509,14888
update,2.561929,15049
lookup,22.991747,150040
