OPERATION,TIME (s),OCCURENCES
insert,0.030134,234547
inplace_insert,0.278699,4977
remove,0.301870,5040
update,0.303793,5111
lookup,13.894316,250325
Total:,14.924389
