OPERATION,TIME (s),OCCURENCES
insert,0.103953,870073
inplace_insert,0.496205,9947
remove,0.498580,9964
update,0.499774,10002
lookup,4.848004,100014
Total:,6.801250
