OPERATION,TIME (s),OCCURENCES
insert,0.008102,70007
inplace_insert,0.388044,9994
remove,0.406899,10103
update,0.401917,10091
lookup,34.542420,899805
Total:,35.952303
