OPERATION,TIME (s),OCCURENCES
insert,0.016828,104772
inplace_insert,1.305975,15103
remove,1.311432,15194
update,1.275737,15064
lookup,114.290417,1349867
