OPERATION,TIME (s),OCCURENCES
insert,1.162635,704817
inplace_insert,1.992784,15115
remove,2.206848,15003
update,2.226784,15092
lookup,97.607140,749973
