OPERATION,TIME (s),OCCURENCES
insert,0.005778,35075
inplace_insert,0.213071,4925
remove,0.229273,5013
update,0.236666,5089
lookup,19.059622,449898
Total:,19.858982
