OPERATION,TIME,OCCURENCES
insert,0.135844,87999
inplace_insert,0.610133,3955
remove,0.736618,4031
update,0.741056,4048
lookup,15.049434,99967
