OPERATION,TIME (s),OCCURENCES
insert,0.064819,470019
inplace_insert,1.291452,10074
remove,1.378166,10081
update,1.358387,10090
lookup,62.940452,499736
Total:,67.276489
