OPERATION,TIME (s),OCCURENCES
insert,0.039617,234547
inplace_insert,0.282246,4977
remove,0.304736,5040
update,0.308336,5111
lookup,14.029881,250325
Total:,15.081803
