OPERATION,FLUSH,OCCURENCES
insert,5220437.000000,870073
inplace_insert,49735.000000,9947
remove,19928.000000,9964
update,50010.000000,10002
lookup,100014.000000,100014
Total:,5290101.000000
