OPERATION,FLUSH,OCCURENCES
insert,210448.000000,35075
inplace_insert,24627.000000,4925
remove,10024.000000,5013
update,25446.000000,5089
lookup,449898.000000,449898
Total:,245100.000000
