OPERATION,TIME (s),OCCURENCES
insert,0.055511,35075
inplace_insert,0.204163,4925
remove,0.215627,5013
update,0.226223,5089
lookup,6.344341,449898
Total:,7.137635
