OPERATION,TIME (s),OCCURENCES
insert,0.035703,234547
inplace_insert,0.428594,4977
remove,0.419563,5040
update,0.439045,5111
lookup,21.943284,250325
Total:,23.372984
