OPERATION,FLUSH,OCCURENCES
insert,593.000000,1305064
inplace_insert,30730.000000,14959
remove,30525.000000,14888
update,30890.000000,15049
lookup,8160.000000,150040
