OPERATION,TIME (s),OCCURENCES
insert,0.008050,70007
inplace_insert,0.386715,9994
remove,0.405775,10103
update,0.399445,10091
lookup,34.406481,899805
Total:,35.805939
