OPERATION,TIME (s),OCCURENCES
insert,0.056717,35075
inplace_insert,0.204083,4925
remove,0.216014,5013
update,0.226837,5089
lookup,6.337593,449898
Total:,7.134578
