OPERATION,TIME (s),OCCURENCES
insert,0.035825,234547
inplace_insert,0.126867,4977
remove,0.124488,5040
update,0.129699,5111
lookup,6.418587,250325
Total:,6.951539
