OPERATION,TIME (s),OCCURENCES
insert,0.172907,104772
inplace_insert,1.273729,15103
remove,1.260045,15194
update,1.233278,15064
lookup,111.158135,1349867
