OPERATION,TIME (s),OCCURENCES
insert,0.054862,434877
inplace_insert,0.306800,4933
remove,0.329261,5013
update,0.326014,5062
lookup,3.083937,50115
Total:,4.271034
