OPERATION,TIME (s),OCCURENCES
insert,0.003517,35075
inplace_insert,0.069774,4925
remove,0.068646,5013
update,0.071098,5089
lookup,6.271361,449898
Total:,6.574816
