OPERATION,TIME (s),OCCURENCES
insert,0.687815,434877
inplace_insert,0.286913,4933
remove,0.307721,5013
update,0.308560,5062
lookup,1.317621,50115
Total:,3.022914
