OPERATION,TIME (s),OCCURENCES
insert,0.058484,35075
inplace_insert,0.204460,4925
remove,0.216192,5013
update,0.226936,5089
lookup,6.354672,449898
Total:,7.153192
