OPERATION,TIME (s),OCCURENCES
insert,0.026670,234547
inplace_insert,0.432874,4977
remove,0.422876,5040
update,0.443418,5111
lookup,22.048667,250325
Total:,23.480443
