OPERATION,FLUSH,OCCURENCES
insert,148830.000000,150123
inplace_insert,30482.000000,10093
remove,20388.000000,10090
update,30223.000000,10007
lookup,501.000000,19687
