OPERATION,TIME (s),OCCURENCES
insert,0.682015,434877
inplace_insert,0.307907,4933
remove,0.331669,5013
update,0.331567,5062
lookup,1.415204,50115
Total:,3.182219
