OPERATION,FLUSH,OCCURENCES
insert,87249.000000,87999
inplace_insert,11859.000000,3955
remove,8068.000000,4031
update,12149.000000,4048
lookup,672.000000,99967
