OPERATION,TIME (s),OCCURENCES
insert,0.053248,434877
inplace_insert,0.123133,4933
remove,0.126467,5013
update,0.127292,5062
lookup,1.215932,50115
Total:,1.827544
