OPERATION,TIME (s),OCCURENCES
insert,0.379127,234547
inplace_insert,0.285316,4977
remove,0.304843,5040
update,0.311272,5111
lookup,14.134180,250325
Total:,15.532996
