OPERATION,TIME (s),OCCURENCES
insert,0.003904,35075
inplace_insert,0.103884,4925
remove,0.102858,5013
update,0.105143,5089
lookup,9.304148,449898
Total:,9.708622
