OPERATION,TIME (s),OCCURENCES
insert,0.061049,470019
inplace_insert,0.675931,10074
remove,0.684987,10081
update,0.665347,10090
lookup,33.680927,499736
Total:,36.000935
