OPERATION,TIME (s),OCCURENCES
insert,0.007938,70007
inplace_insert,0.368859,9994
remove,0.390279,10103
update,0.384980,10091
lookup,32.835976,899805
Total:,34.181412
