OPERATION,TIME (s),OCCURENCES
insert,0.004659,35075
inplace_insert,0.019042,4925
remove,0.016928,5013
update,0.018078,5089
lookup,1.533028,449898
Total:,1.686948
