OPERATION,TIME,OCCURENCES
insert,0.020825,14108
inplace_insert,0.056234,1956
remove,0.061712,1976
update,0.062346,1960
lookup,4.959039,180000
