OPERATION,TIME (s),OCCURENCES
insert,0.100104,870073
inplace_insert,0.734398,9947
remove,0.793468,9964
update,0.786583,10002
lookup,7.282837,100014
Total:,9.926811
