OPERATION,TIME (s),OCCURENCES
insert,0.221440,704817
inplace_insert,1.989083,15115
remove,2.215834,15003
update,2.216167,15092
lookup,97.568425,749973
