OPERATION,TIME (s),OCCURENCES
insert,0.024274,234547
inplace_insert,0.106091,4977
remove,0.105801,5040
update,0.107148,5111
lookup,5.317484,250325
Total:,5.767490
