OPERATION,TIME (s),OCCURENCES
insert,0.368629,234547
inplace_insert,0.282268,4977
remove,0.302010,5040
update,0.308795,5111
lookup,14.018539,250325
Total:,15.396942
