OPERATION,TIME (s),OCCURENCES
insert,0.057455,35075
inplace_insert,0.215869,4925
remove,0.228606,5013
update,0.239880,5089
lookup,6.728012,449898
Total:,7.568436
