OPERATION,TIME (s),OCCURENCES
insert,0.107968,104772
inplace_insert,1.290734,15103
remove,1.285286,15194
update,1.249086,15064
lookup,112.944263,1349867
