OPERATION,FLUSH,OCCURENCES
insert,628630.000000,104772
inplace_insert,75517.000000,15103
remove,30386.000000,15194
update,75321.000000,15064
lookup,1349867.000000,1349867
