OPERATION,FLUSH,OCCURENCES
insert,132.000000,704817
inplace_insert,30346.000000,15115
remove,30040.000000,15003
update,30302.000000,15092
lookup,5534.000000,749973
