OPERATION,TIME (s),OCCURENCES
insert,0.008184,70007
inplace_insert,0.005157,9994
remove,0.000787,10103
update,0.001700,10091
lookup,0.044685,899805
Total:,0.229736
