OPERATION,TIME (s),OCCURENCES
insert,0.144689,704817
inplace_insert,1.984410,15115
remove,2.217981,15003
update,2.213953,15092
lookup,97.505509,749973
