OPERATION,TIME (s),OCCURENCES
insert,0.061246,470019
inplace_insert,0.668339,10074
remove,0.683926,10081
update,0.668747,10090
lookup,33.609026,499736
Total:,35.923562
