OPERATION,TIME (s),OCCURENCES
insert,0.110346,70007
inplace_insert,0.956571,9994
remove,1.015354,10103
update,1.009937,10091
lookup,84.563970,899805
Total:,87.897696
