OPERATION,TIME,OCCURENCES
insert,0.020901,14108
inplace_insert,0.056215,1956
remove,0.061763,1976
update,0.062386,1960
lookup,4.955334,180000
