OPERATION,TIME (s),OCCURENCES
insert,0.035702,234547
inplace_insert,0.107796,4977
remove,0.107241,5040
update,0.108731,5111
lookup,5.398919,250325
Total:,5.865610
