OPERATION,TIME (s),OCCURENCES
insert,0.054415,434877
inplace_insert,0.130689,4933
remove,0.135936,5013
update,0.136593,5062
lookup,1.298377,50115
Total:,1.941274
