OPERATION,TIME (s),OCCURENCES
insert,0.179803,1305064
inplace_insert,2.287635,14959
remove,2.485846,14888
update,2.524319,15049
lookup,22.726838,150040
