OPERATION,TIME (s),OCCURENCES
insert,1.168263,704817
inplace_insert,1.984034,15115
remove,2.207325,15003
update,2.230403,15092
lookup,97.241532,749973
