OPERATION,FLUSH,OCCURENCES
insert,541.000000,1305064
inplace_insert,30748.000000,14959
remove,30533.000000,14888
update,30887.000000,15049
lookup,8192.000000,150040
