OPERATION,TIME (s),OCCURENCES
insert,0.030713,234547
inplace_insert,0.280738,4977
remove,0.303757,5040
update,0.307141,5111
lookup,13.969734,250325
Total:,15.008887
