OPERATION,TIME (s),OCCURENCES
insert,0.003641,35075
inplace_insert,0.069448,4925
remove,0.068099,5013
update,0.070591,5089
lookup,6.247950,449898
Total:,6.552237
