OPERATION,TIME,OCCURENCES
insert,0.044189,150123
inplace_insert,2.737363,10093
remove,3.194815,10090
update,3.146862,10007
lookup,5.316312,19687
