OPERATION,TIME,OCCURENCES
insert,0.130598,87999
inplace_insert,0.608990,3955
remove,0.737414,4031
update,0.741795,4048
lookup,15.169213,99967
