OPERATION,TIME (s),OCCURENCES
insert,0.046125,434877
inplace_insert,0.139522,4933
remove,0.139106,5013
update,0.137890,5062
lookup,1.415510,50115
Total:,1.992558
