OPERATION,TIME (s),OCCURENCES
insert,0.003473,35075
inplace_insert,0.069564,4925
remove,0.068311,5013
update,0.070833,5089
lookup,6.255879,449898
Total:,6.559229
