OPERATION,TIME,OCCURENCES
insert,0.026277,87999
inplace_insert,0.617495,3955
remove,0.744073,4031
update,0.742770,4048
lookup,15.326621,99967
