OPERATION,TIME (s),OCCURENCES
insert,0.003734,35075
inplace_insert,0.104714,4925
remove,0.103671,5013
update,0.105946,5089
lookup,9.379460,449898
Total:,9.783267
