OPERATION,TIME (s),OCCURENCES
insert,0.205214,1305064
inplace_insert,2.335729,14959
remove,2.547642,14888
update,2.585708,15049
lookup,23.190870,150040
