OPERATION,TIME (s),OCCURENCES
insert,0.102899,870073
inplace_insert,0.495558,9947
remove,0.496633,9964
update,0.498267,10002
lookup,4.869455,100014
Total:,6.811398
