OPERATION,TIME (s),OCCURENCES
insert,0.003804,35075
inplace_insert,0.075334,4925
remove,0.073332,5013
update,0.076015,5089
lookup,6.665321,449898
Total:,6.983213
