OPERATION,TIME (s),OCCURENCES
insert,0.092336,870073
inplace_insert,0.722229,9947
remove,0.783819,9964
update,0.777724,10002
lookup,7.197753,100014
Total:,9.789075
