OPERATION,TIME (s),OCCURENCES
insert,0.043388,434877
inplace_insert,0.130476,4933
remove,0.130176,5013
update,0.128956,5062
lookup,1.323692,50115
Total:,1.864291
