OPERATION,FLUSH,OCCURENCES
insert,6005.000000,470019
inplace_insert,1523.000000,10074
remove,1283.000000,10081
update,1103.000000,10090
lookup,56659.000000,499736
Total:,8857.000000
