OPERATION,TIME (s),OCCURENCES
insert,0.153739,704817
inplace_insert,1.989607,15115
remove,2.208867,15003
update,2.215500,15092
lookup,97.724515,749973
