OPERATION,TIME,OCCURENCES
insert,0.129344,87999
inplace_insert,0.611094,3955
remove,0.737746,4031
update,0.742857,4048
lookup,15.144812,99967
