OPERATION,TIME (s),OCCURENCES
insert,0.371234,234547
inplace_insert,0.264516,4977
remove,0.284952,5040
update,0.291900,5111
lookup,5.357374,250325
Total:,6.680122
