OPERATION,TIME (s),OCCURENCES
insert,0.052070,434877
inplace_insert,0.286162,4933
remove,0.308698,5013
update,0.306321,5062
lookup,2.880827,50115
Total:,3.998037
