OPERATION,TIME (s),OCCURENCES
insert,0.065832,470019
inplace_insert,12.064511,10074
remove,12.153906,10081
update,11.490964,10090
lookup,579.090946,499736
Total:,615.113537
