OPERATION,FLUSH,OCCURENCES
insert,583.000000,70007
inplace_insert,316.000000,9994
remove,240.000000,10103
update,280.000000,10091
lookup,27787.000000,899805
Total:,1146.000000
