OPERATION,TIME (s),OCCURENCES
insert,0.051680,434877
inplace_insert,0.493636,4933
remove,0.508810,5013
update,0.509933,5062
lookup,5.012578,50115
Total:,6.752314
