OPERATION,FLUSH,OCCURENCES
insert,0.000000,470019
inplace_insert,20092.000000,10074
remove,20114.000000,10081
update,20133.000000,10090
lookup,0.000000,499736
Total:,40207.000000
