OPERATION,TIME (s),OCCURENCES
insert,0.173366,104772
inplace_insert,1.335239,15103
remove,1.323911,15194
update,1.299453,15064
lookup,116.545657,1349867
