OPERATION,TIME (s),OCCURENCES
insert,0.029310,234547
inplace_insert,0.117098,4977
remove,0.113928,5040
update,0.118387,5111
lookup,5.844004,250325
Total:,6.332840
