OPERATION,TIME (s),OCCURENCES
insert,0.006513,35075
inplace_insert,0.212199,4925
remove,0.228589,5013
update,0.235602,5089
lookup,18.957599,449898
Total:,19.756051
