OPERATION,TIME (s),OCCURENCES
insert,0.095711,870073
inplace_insert,0.722681,9947
remove,0.782578,9964
update,0.775462,10002
lookup,7.202541,100014
Total:,9.805498
