OPERATION,TIME (s),OCCURENCES
insert,0.023611,234547
inplace_insert,0.105838,4977
remove,0.105531,5040
update,0.106876,5111
lookup,5.311207,250325
Total:,5.755905
