OPERATION,FLUSH,OCCURENCES
insert,89999999.000000,15000000
inplace_insert,0.000000,0
remove,0.000000,0
update,0.000000,0
lookup,0.000000,0
