OPERATION,TIME (s),OCCURENCES
insert,0.051145,434877
inplace_insert,0.493850,4933
remove,0.507988,5013
update,0.510216,5062
lookup,5.020563,50115
Total:,6.758027
