OPERATION,TIME (s),OCCURENCES
insert,0.009391,70007
inplace_insert,0.934218,9994
remove,0.993751,10103
update,0.982253,10091
lookup,82.742081,899805
Total:,85.897263
