OPERATION,TIME (s),OCCURENCES
insert,0.784230,470019
inplace_insert,1.284521,10074
remove,1.353721,10081
update,1.349275,10090
lookup,62.490886,499736
Total:,67.519031
