OPERATION,TIME (s),OCCURENCES
insert,0.101014,870073
inplace_insert,0.481949,9947
remove,0.486398,9964
update,0.487449,10002
lookup,4.726711,100014
Total:,6.635521
