OPERATION,TIME (s),OCCURENCES
insert,0.748370,470019
inplace_insert,1.276580,10074
remove,1.341374,10081
update,1.337744,10090
lookup,62.120140,499736
Total:,67.083964
