OPERATION,TIME (s),OCCURENCES
insert,0.003512,35075
inplace_insert,0.069569,4925
remove,0.068318,5013
update,0.070746,5089
lookup,6.246915,449898
Total:,6.549339
