OPERATION,TIME (s),OCCURENCES
insert,0.691908,434877
inplace_insert,0.303537,4933
remove,0.325000,5013
update,0.326236,5062
lookup,3.054509,50115
Total:,4.818168
