OPERATION,TIME (s),OCCURENCES
insert,0.004302,35075
inplace_insert,0.082182,4925
remove,0.079648,5013
update,0.082564,5089
lookup,7.220924,449898
Total:,7.558379
