OPERATION,TIME (s),OCCURENCES
insert,0.012361,35075
inplace_insert,0.203739,4925
remove,0.214981,5013
update,0.221662,5089
lookup,18.223595,449898
Total:,18.982153
