OPERATION,TIME (s),OCCURENCES
insert,0.015351,104772
inplace_insert,1.315077,15103
remove,1.323380,15194
update,1.286402,15064
lookup,114.981426,1349867
