OPERATION,FLUSH,OCCURENCES
insert,4869.000000,234547
inplace_insert,674.000000,4977
remove,663.000000,5040
update,461.000000,5111
lookup,30092.000000,250325
Total:,6235.000000
