OPERATION,TIME (s),OCCURENCES
insert,0.799034,470019
inplace_insert,1.328506,10074
remove,1.398683,10081
update,1.395727,10090
lookup,64.721050,499736
Total:,69.902495
