OPERATION,TIME (s),OCCURENCES
insert,0.027625,234547
inplace_insert,0.123071,4977
remove,0.124284,5040
update,0.125984,5111
lookup,6.001935,250325
Total:,6.559669
