OPERATION,TIME (s),OCCURENCES
insert,0.119995,434877
inplace_insert,0.313053,4933
remove,0.337166,5013
update,0.335047,5062
lookup,3.147245,50115
Total:,4.430657
