OPERATION,TIME (s),OCCURENCES
insert,0.005797,35075
inplace_insert,0.205288,4925
remove,0.216258,5013
update,0.223026,5089
lookup,18.229538,449898
Total:,18.988814
