OPERATION,TIME (s),OCCURENCES
insert,0.004336,35075
inplace_insert,0.203693,4925
remove,0.216766,5013
update,0.221836,5089
lookup,18.226433,449898
Total:,18.975049
