OPERATION,FLUSH,OCCURENCES
insert,4251.000000,234547
inplace_insert,670.000000,4977
remove,582.000000,5040
update,390.000000,5111
lookup,29541.000000,250325
Total:,5537.000000
