OPERATION,FLUSH,OCCURENCES
insert,486.000000,35075
inplace_insert,178.000000,4925
remove,185.000000,5013
update,133.000000,5089
lookup,14531.000000,449898
Total:,852.000000
