OPERATION,TIME (s),OCCURENCES
insert,0.023528,234547
inplace_insert,0.106069,4977
remove,0.105960,5040
update,0.107130,5111
lookup,5.317405,250325
Total:,5.763749
