OPERATION,TIME,OCCURENCES
insert,0.129930,87999
inplace_insert,0.609886,3955
remove,0.736734,4031
update,0.741501,4048
lookup,15.159106,99967
