OPERATION,TIME (s),OCCURENCES
insert,0.112106,870073
inplace_insert,1.369334,9947
remove,1.450798,9964
update,1.439069,10002
lookup,13.591967,100014
Total:,18.297186
