OPERATION,FLUSH,OCCURENCES
insert,148831.000000,150123
inplace_insert,30478.000000,10093
remove,20386.000000,10090
update,30216.000000,10007
lookup,515.000000,19687
