OPERATION,TIME (s),OCCURENCES
insert,0.058019,35075
inplace_insert,0.213210,4925
remove,0.226244,5013
update,0.236747,5089
lookup,6.634679,449898
Total:,7.464474
