OPERATION,FLUSH,OCCURENCES
insert,145.000000,704817
inplace_insert,30342.000000,15115
remove,30043.000000,15003
update,30303.000000,15092
lookup,5536.000000,749973
