OPERATION,TIME (s),OCCURENCES
insert,0.181086,104772
inplace_insert,1.283749,15103
remove,1.269538,15194
update,1.245129,15064
lookup,111.910329,1349867
