OPERATION,TIME (s),OCCURENCES
insert,0.110032,870073
inplace_insert,1.366371,9947
remove,1.442830,9964
update,1.504967,10002
lookup,13.550269,100014
Total:,18.305131
