OPERATION,FLUSH,OCCURENCES
insert,434.000000,35075
inplace_insert,128.000000,4925
remove,153.000000,5013
update,117.000000,5089
lookup,13693.000000,449898
Total:,719.000000
