OPERATION,TIME (s),OCCURENCES
insert,0.381830,234547
inplace_insert,0.267034,4977
remove,0.287239,5040
update,0.294171,5111
lookup,5.400392,250325
Total:,6.747008
