OPERATION,FLUSH,OCCURENCES
insert,420040.000000,70007
inplace_insert,49972.000000,9994
remove,20204.000000,10103
update,50456.000000,10091
lookup,899805.000000,899805
Total:,490217.000000
