OPERATION,TIME (s),OCCURENCES
insert,0.096659,870073
inplace_insert,0.714378,9947
remove,0.770564,9964
update,0.766845,10002
lookup,7.111925,100014
Total:,9.686821
