OPERATION,TIME (s),OCCURENCES
insert,0.018159,104772
inplace_insert,1.288794,15103
remove,1.291875,15194
update,1.254041,15064
lookup,113.211020,1349867
