OPERATION,TIME,OCCURENCES
insert,0.011744,14108
inplace_insert,0.055235,1956
remove,0.061407,1976
update,0.061213,1960
lookup,4.945691,180000
