OPERATION,TIME (s),OCCURENCES
insert,0.023716,234547
inplace_insert,0.157720,4977
remove,0.105674,5040
update,0.106950,5111
lookup,5.322208,250325
Total:,5.820249
