OPERATION,TIME (s),OCCURENCES
insert,0.035690,35075
inplace_insert,0.218845,4925
remove,0.228163,5013
update,0.238255,5089
lookup,19.614820,449898
Total:,20.450588
