OPERATION,FLUSH,OCCURENCES
insert,87259.000000,87999
inplace_insert,11861.000000,3955
remove,8069.000000,4031
update,12152.000000,4048
lookup,659.000000,99967
