OPERATION,TIME,OCCURENCES
insert,0.034512,150123
inplace_insert,2.771195,10093
remove,3.224768,10090
update,3.182764,10007
lookup,5.361024,19687
