OPERATION,TIME,OCCURENCES
insert,0.003061,14108
inplace_insert,0.055983,1956
remove,0.062462,1976
update,0.062327,1960
lookup,5.055542,180000
