OPERATION,TIME (s),OCCURENCES
insert,0.052969,434877
inplace_insert,0.122680,4933
remove,0.126584,5013
update,0.127355,5062
lookup,1.209759,50115
Total:,1.808055
