OPERATION,FLUSH,OCCURENCES
insert,1386.000000,70007
inplace_insert,517.000000,9994
remove,397.000000,10103
update,280.000000,10091
lookup,37976.000000,899805
Total:,2322.000000
