OPERATION,FLUSH,OCCURENCES
insert,1115.000000,70007
inplace_insert,423.000000,9994
remove,445.000000,10103
update,290.000000,10091
lookup,37812.000000,899805
Total:,1989.000000
