OPERATION,TIME (s),OCCURENCES
insert,0.412865,470019
inplace_insert,1.255977,10074
remove,1.320580,10081
update,1.312439,10090
lookup,61.219868,499736
Total:,65.823136
