OPERATION,FLUSH,OCCURENCES
insert,148825.000000,150123
inplace_insert,30487.000000,10093
remove,20384.000000,10090
update,30221.000000,10007
lookup,512.000000,19687
