OPERATION,TIME (s),OCCURENCES
insert,0.029990,234547
inplace_insert,0.280082,4977
remove,0.303191,5040
update,0.305979,5111
lookup,14.008739,250325
Total:,15.046543
