OPERATION,TIME (s),OCCURENCES
insert,0.170336,704817
inplace_insert,1.976575,15115
remove,2.213111,15003
update,2.232489,15092
lookup,97.333794,749973
