OPERATION,TIME (s),OCCURENCES
insert,0.003835,35075
inplace_insert,0.074799,4925
remove,0.072782,5013
update,0.075657,5089
lookup,6.623864,449898
Total:,6.938704
