OPERATION,FLUSH,OCCURENCES
insert,87255.000000,87999
inplace_insert,11861.000000,3955
remove,8068.000000,4031
update,12149.000000,4048
lookup,662.000000,99967
