OPERATION,FLUSH,OCCURENCES
insert,0.000000,234547
inplace_insert,9929.000000,4977
remove,10051.000000,5040
update,10201.000000,5111
lookup,0.000000,250325
Total:,19981.000000
