OPERATION,TIME (s),OCCURENCES
insert,0.163766,704817
inplace_insert,1.973284,15115
remove,2.206417,15003
update,2.203852,15092
lookup,97.119281,749973
