OPERATION,FLUSH,OCCURENCES
insert,7320.000000,234547
inplace_insert,728.000000,4977
remove,626.000000,5040
update,571.000000,5111
lookup,32365.000000,250325
Total:,8713.000000
