OPERATION,TIME (s),OCCURENCES
insert,0.004980,35075
inplace_insert,0.209545,4925
remove,0.224831,5013
update,0.234140,5089
lookup,18.800763,449898
Total:,19.588229
