OPERATION,TIME (s),OCCURENCES
insert,0.003509,35075
inplace_insert,0.069458,4925
remove,0.068044,5013
update,0.070633,5089
lookup,6.239669,449898
Total:,6.541933
