OPERATION,FLUSH,OCCURENCES
insert,13997.000000,14108
inplace_insert,5843.000000,1956
remove,3943.000000,1976
update,5851.000000,1960
lookup,139.000000,180000
