OPERATION,TIME (s),OCCURENCES
insert,0.094469,870073
inplace_insert,0.733654,9947
remove,0.792917,9964
update,0.788675,10002
lookup,7.305271,100014
Total:,9.939695
