OPERATION,TIME (s),OCCURENCES
insert,0.053300,434877
inplace_insert,0.124413,4933
remove,0.128220,5013
update,0.129047,5062
lookup,1.222968,50115
Total:,1.827886
