OPERATION,TIME (s),OCCURENCES
insert,0.389346,434877
inplace_insert,0.306933,4933
remove,0.328498,5013
update,0.328040,5062
lookup,3.099537,50115
Total:,4.594827
