OPERATION,TIME (s),OCCURENCES
insert,0.019855,104772
inplace_insert,1.280844,15103
remove,1.272694,15194
update,1.237032,15064
lookup,112.469166,1349867
