OPERATION,TIME (s),OCCURENCES
insert,0.004160,35075
inplace_insert,0.075297,4925
remove,0.072967,5013
update,0.075854,5089
lookup,6.620804,449898
Total:,6.939239
