OPERATION,TIME (s),OCCURENCES
insert,0.047307,35075
inplace_insert,0.212833,4925
remove,0.222070,5013
update,0.230970,5089
lookup,19.031161,449898
Total:,19.853387
