OPERATION,TIME (s),OCCURENCES
insert,0.052462,434877
inplace_insert,0.494565,4933
remove,0.508293,5013
update,0.510299,5062
lookup,5.027857,50115
Total:,6.756617
