OPERATION,TIME (s),OCCURENCES
insert,0.094736,104772
inplace_insert,1.275485,15103
remove,1.263016,15194
update,1.233665,15064
lookup,111.645101,1349867
