OPERATION,TIME (s),OCCURENCES
insert,0.003512,35075
inplace_insert,0.069383,4925
remove,0.068015,5013
update,0.070615,5089
lookup,6.243219,449898
Total:,6.544746
