OPERATION,TIME (s),OCCURENCES
insert,0.047330,434877
inplace_insert,0.139851,4933
remove,0.139583,5013
update,0.138131,5062
lookup,1.418055,50115
Total:,2.000606
