OPERATION,TIME (s),OCCURENCES
insert,1.198813,1305064
inplace_insert,2.229610,14959
remove,2.439318,14888
update,2.481693,15049
lookup,22.168759,150040
