OPERATION,TIME (s),OCCURENCES
insert,0.016530,70007
inplace_insert,0.932779,9994
remove,0.993795,10103
update,0.982645,10091
lookup,82.915487,899805
Total:,86.075862
