OPERATION,TIME (s),OCCURENCES
insert,0.008528,70007
inplace_insert,0.067566,9994
remove,0.062324,10103
update,0.063087,10091
lookup,5.662817,899805
Total:,6.050964
