OPERATION,TIME (s),OCCURENCES
insert,0.823642,870073
inplace_insert,1.352011,9947
remove,1.427675,9964
update,1.422255,10002
lookup,13.436428,100014
Total:,18.772208
