OPERATION,FLUSH,OCCURENCES
insert,7045.000000,234547
inplace_insert,746.000000,4977
remove,781.000000,5040
update,606.000000,5111
lookup,31784.000000,250325
Total:,8616.000000
