OPERATION,TIME (s),OCCURENCES
insert,0.088350,104772
inplace_insert,1.270626,15103
remove,1.257590,15194
update,1.230044,15064
lookup,110.974597,1349867
