OPERATION,TIME (s),OCCURENCES
insert,0.024061,234547
inplace_insert,0.105889,4977
remove,0.105492,5040
update,0.106831,5111
lookup,5.309742,250325
Total:,5.759441
