OPERATION,TIME (s),OCCURENCES
insert,0.029229,234547
inplace_insert,0.269883,4977
remove,0.288474,5040
update,0.291753,5111
lookup,13.227351,250325
Total:,14.225972
