OPERATION,TIME (s),OCCURENCES
insert,0.055757,434877
inplace_insert,0.317098,4933
remove,0.338848,5013
update,0.335591,5062
lookup,3.185962,50115
Total:,4.386786
