OPERATION,TIME (s),OCCURENCES
insert,0.043296,434877
inplace_insert,0.130341,4933
remove,0.130136,5013
update,0.128807,5062
lookup,1.321688,50115
Total:,1.862795
