OPERATION,TIME (s),OCCURENCES
insert,0.009287,35075
inplace_insert,0.213924,4925
remove,0.229885,5013
update,0.237442,5089
lookup,19.237743,449898
Total:,20.045420
