OPERATION,TIME (s),OCCURENCES
insert,0.029938,234547
inplace_insert,0.128745,4977
remove,0.125305,5040
update,0.130392,5111
lookup,6.453450,250325
Total:,6.982767
