OPERATION,TIME (s),OCCURENCES
insert,0.126140,470019
inplace_insert,0.614578,10074
remove,0.676821,10081
update,0.670767,10090
lookup,29.989939,499736
Total:,32.317766
