OPERATION,FLUSH,OCCURENCES
insert,0.000000,870073
inplace_insert,19843.000000,9947
remove,19883.000000,9964
update,19951.000000,10002
lookup,0.000000,100014
Total:,39727.000000
