OPERATION,TIME,OCCURENCES
insert,0.011836,14108
inplace_insert,0.056047,1956
remove,0.062331,1976
update,0.061956,1960
lookup,5.012061,180000
