OPERATION,TIME (s),OCCURENCES
insert,0.405837,470019
inplace_insert,1.268926,10074
remove,1.331923,10081
update,1.325318,10090
lookup,61.884926,499736
Total:,66.495344
