OPERATION,TIME (s),OCCURENCES
insert,0.005718,35075
inplace_insert,0.207180,4925
remove,0.222785,5013
update,0.230528,5089
lookup,18.650072,449898
Total:,19.429225
