OPERATION,TIME (s),OCCURENCES
insert,0.142776,104772
inplace_insert,1.259130,15103
remove,1.241188,15194
update,1.212322,15064
lookup,110.250209,1349867
