OPERATION,TIME (s),OCCURENCES
insert,0.004062,35075
inplace_insert,0.212734,4925
remove,0.228317,5013
update,0.237841,5089
lookup,19.105045,449898
Total:,19.904267
