OPERATION,TIME (s),OCCURENCES
insert,0.032540,35075
inplace_insert,0.211004,4925
remove,0.220090,5013
update,0.229320,5089
lookup,18.883890,449898
Total:,19.694754
