OPERATION,TIME (s),OCCURENCES
insert,0.004523,35075
inplace_insert,0.207247,4925
remove,0.218030,5013
update,0.225680,5089
lookup,18.592249,449898
Total:,19.353357
