OPERATION,TIME (s),OCCURENCES
insert,0.032368,234547
inplace_insert,0.428407,4977
remove,0.421031,5040
update,0.438120,5111
lookup,21.801967,250325
Total:,23.229852
