OPERATION,TIME (s),OCCURENCES
insert,0.003526,35075
inplace_insert,0.069406,4925
remove,0.068091,5013
update,0.070689,5089
lookup,6.239277,449898
Total:,6.540149
