OPERATION,FLUSH,OCCURENCES
insert,8058.000000,470019
inplace_insert,1519.000000,10074
remove,1296.000000,10081
update,1155.000000,10090
lookup,59347.000000,499736
Total:,10939.000000
