OPERATION,TIME (s),OCCURENCES
insert,0.029761,234547
inplace_insert,0.278961,4977
remove,0.301053,5040
update,0.305463,5111
lookup,13.949041,250325
Total:,14.983102
