OPERATION,FLUSH,OCCURENCES
insert,148823.000000,150123
inplace_insert,30486.000000,10093
remove,20382.000000,10090
update,30219.000000,10007
lookup,512.000000,19687
