OPERATION,FLUSH,OCCURENCES
insert,1195.000000,70007
inplace_insert,494.000000,9994
remove,422.000000,10103
update,323.000000,10091
lookup,40110.000000,899805
Total:,2123.000000
