OPERATION,TIME,OCCURENCES
insert,0.074275,87999
inplace_insert,0.612280,3955
remove,0.743813,4031
update,0.747049,4048
lookup,15.271528,99967
