OPERATION,TIME (s),OCCURENCES
insert,0.376097,434877
inplace_insert,0.305359,4933
remove,0.328355,5013
update,0.328302,5062
lookup,1.403567,50115
Total:,2.886961
