OPERATION,TIME,OCCURENCES
insert,0.020801,87999
inplace_insert,0.612073,3955
remove,0.739063,4031
update,0.737872,4048
lookup,15.283806,99967
