OPERATION,TIME (s),OCCURENCES
insert,0.054774,434877
inplace_insert,0.307375,4933
remove,0.331272,5013
update,0.327589,5062
lookup,3.095767,50115
Total:,4.279691
