OPERATION,TIME (s),OCCURENCES
insert,0.055088,434877
inplace_insert,0.305739,4933
remove,0.330496,5013
update,0.326891,5062
lookup,3.091438,50115
Total:,4.272375
