OPERATION,FLUSH,OCCURENCES
insert,4.000000,104772
inplace_insert,30205.000000,15103
remove,30317.000000,15194
update,30123.000000,15064
lookup,973.000000,1349867
