OPERATION,TIME (s),OCCURENCES
insert,0.029269,234547
inplace_insert,0.276846,4977
remove,0.299556,5040
update,0.302145,5111
lookup,13.829690,250325
Total:,14.850238
