OPERATION,FLUSH,OCCURENCES
insert,7830383.000000,1305064
inplace_insert,74795.000000,14959
remove,29776.000000,14888
update,75245.000000,15049
lookup,150040.000000,150040
