OPERATION,TIME (s),OCCURENCES
insert,0.111057,870073
inplace_insert,1.344847,9947
remove,1.419626,9964
update,1.411912,10002
lookup,13.356915,100014
Total:,17.962748
