OPERATION,FLUSH,OCCURENCES
insert,1057.000000,35075
inplace_insert,187.000000,4925
remove,287.000000,5013
update,189.000000,5089
lookup,24146.000000,449898
Total:,1535.000000
