OPERATION,TIME (s),OCCURENCES
insert,0.052681,434877
inplace_insert,0.286779,4933
remove,0.309390,5013
update,0.306674,5062
lookup,2.897802,50115
Total:,4.012786
