OPERATION,TIME (s),OCCURENCES
insert,0.064878,470019
inplace_insert,1.290734,10074
remove,1.363767,10081
update,1.357133,10090
lookup,62.655515,499736
Total:,66.979208
