OPERATION,TIME (s),OCCURENCES
insert,0.017119,104772
inplace_insert,1.269974,15103
remove,1.265390,15194
update,1.229828,15064
lookup,111.564723,1349867
