OPERATION,TIME (s),OCCURENCES
insert,1.117696,1305064
inplace_insert,2.219749,14959
remove,2.434009,14888
update,2.469720,15049
lookup,22.147849,150040
