OPERATION,TIME (s),OCCURENCES
insert,0.111389,870073
inplace_insert,1.449072,9947
remove,1.443752,9964
update,1.434522,10002
lookup,13.546368,100014
Total:,18.302968
