OPERATION,TIME (s),OCCURENCES
insert,0.046315,434877
inplace_insert,0.139813,4933
remove,0.139562,5013
update,0.138148,5062
lookup,1.418563,50115
Total:,1.998291
