OPERATION,FLUSH,OCCURENCES
insert,1238.000000,70007
inplace_insert,351.000000,9994
remove,429.000000,10103
update,380.000000,10091
lookup,38142.000000,899805
Total:,2022.000000
