OPERATION,TIME (s),OCCURENCES
insert,0.043566,434877
inplace_insert,0.130433,4933
remove,0.130179,5013
update,0.128790,5062
lookup,1.323559,50115
Total:,1.865738
