OPERATION,TIME (s),OCCURENCES
insert,0.005281,35075
inplace_insert,0.203219,4925
remove,0.213896,5013
update,0.223168,5089
lookup,18.242490,449898
Total:,18.991901
