OPERATION,TIME (s),OCCURENCES
insert,0.046533,434877
inplace_insert,0.139834,4933
remove,0.139647,5013
update,0.138478,5062
lookup,1.419126,50115
Total:,1.999378
