OPERATION,TIME (s),OCCURENCES
insert,0.376337,434877
inplace_insert,0.285007,4933
remove,0.306376,5013
update,0.305767,5062
lookup,1.310609,50115
Total:,2.758106
