OPERATION,TIME (s),OCCURENCES
insert,0.028206,234547
inplace_insert,0.429266,4977
remove,0.420485,5040
update,0.438824,5111
lookup,21.821834,250325
Total:,23.245361
