OPERATION,FLUSH,OCCURENCES
insert,0.000000,434877
inplace_insert,0.000000,4933
remove,0.000000,5013
update,0.000000,5062
lookup,0.000000,50115
Total:,1.000000
