OPERATION,TIME,OCCURENCES
insert,0.011631,14108
inplace_insert,0.055258,1956
remove,0.061413,1976
update,0.061319,1960
lookup,4.947957,180000
