OPERATION,TIME (s),OCCURENCES
insert,0.037475,234547
inplace_insert,0.279584,4977
remove,0.304070,5040
update,0.306671,5111
lookup,13.919139,250325
Total:,14.971646
