OPERATION,TIME (s),OCCURENCES
insert,0.110696,870073
inplace_insert,1.346418,9947
remove,1.419549,9964
update,1.410225,10002
lookup,13.367854,100014
Total:,17.975802
