OPERATION,TIME (s),OCCURENCES
insert,0.023664,234547
inplace_insert,0.105829,4977
remove,0.105484,5040
update,0.106722,5111
lookup,5.306152,250325
Total:,5.750293
