OPERATION,FLUSH,OCCURENCES
insert,1759.000000,70007
inplace_insert,369.000000,9994
remove,442.000000,10103
update,557.000000,10091
lookup,37297.000000,899805
Total:,2578.000000
