OPERATION,TIME (s),OCCURENCES
insert,0.017320,35075
inplace_insert,0.204464,4925
remove,0.214338,5013
update,0.220818,5089
lookup,18.219004,449898
Total:,18.978788
