OPERATION,TIME (s),OCCURENCES
insert,0.022128,234547
inplace_insert,0.105853,4977
remove,0.105541,5040
update,0.106886,5111
lookup,5.312637,250325
Total:,5.748957
