OPERATION,TIME,OCCURENCES
insert,0.003037,14108
inplace_insert,0.055283,1956
remove,0.061825,1976
update,0.061205,1960
lookup,4.951311,180000
