OPERATION,TIME,OCCURENCES
insert,0.125006,150123
inplace_insert,2.717364,10093
remove,3.192645,10090
update,3.159155,10007
lookup,5.283910,19687
