OPERATION,FLUSH,OCCURENCES
insert,6784.000000,234547
inplace_insert,742.000000,4977
remove,701.000000,5040
update,505.000000,5111
lookup,32405.000000,250325
Total:,8256.000000
