OPERATION,TIME (s),OCCURENCES
insert,0.074691,470019
inplace_insert,0.627324,10074
remove,0.693342,10081
update,0.684446,10090
lookup,30.640033,499736
Total:,32.963306
