OPERATION,TIME (s),OCCURENCES
insert,0.064502,470019
inplace_insert,1.302095,10074
remove,1.383924,10081
update,1.387103,10090
lookup,63.371685,499736
Total:,67.756003
