OPERATION,TIME,OCCURENCES
insert,0.019611,87999
inplace_insert,0.610899,3955
remove,0.737321,4031
update,0.738306,4048
lookup,15.244527,99967
