OPERATION,TIME (s),OCCURENCES
insert,0.118873,704817
inplace_insert,1.994836,15115
remove,2.208385,15003
update,2.219336,15092
lookup,97.497709,749973
