OPERATION,TIME (s),OCCURENCES
insert,0.026788,234547
inplace_insert,0.427874,4977
remove,0.418418,5040
update,0.437472,5111
lookup,21.796440,250325
Total:,23.214025
