OPERATION,TIME (s),OCCURENCES
insert,0.029093,234547
inplace_insert,0.261120,4977
remove,0.285020,5040
update,0.287633,5111
lookup,13.052301,250325
Total:,14.033442
