OPERATION,TIME (s),OCCURENCES
insert,1.158958,1305064
inplace_insert,2.242809,14959
remove,2.453765,14888
update,2.498591,15049
lookup,22.307580,150040
