OPERATION,FLUSH,OCCURENCES
insert,142.000000,704817
inplace_insert,30350.000000,15115
remove,30046.000000,15003
update,30300.000000,15092
lookup,5523.000000,749973
