OPERATION,TIME (s),OCCURENCES
insert,0.004175,35075
inplace_insert,0.105675,4925
remove,0.103901,5013
update,0.106372,5089
lookup,9.412531,449898
Total:,9.824754
