OPERATION,TIME (s),OCCURENCES
insert,0.077876,470019
inplace_insert,3.100182,10074
remove,3.078399,10081
update,2.918976,10090
lookup,148.464526,499736
Total:,157.895856
