OPERATION,FLUSH,OCCURENCES
insert,0.000000,70007
inplace_insert,19936.000000,9994
remove,20146.000000,10103
update,20138.000000,10091
lookup,0.000000,899805
Total:,40083.000000
