OPERATION,TIME (s),OCCURENCES
insert,0.008798,70007
inplace_insert,0.068737,9994
remove,0.063464,10103
update,0.064378,10091
lookup,5.768358,899805
Total:,6.156406
