OPERATION,TIME (s),OCCURENCES
insert,0.654644,704817
inplace_insert,1.962642,15115
remove,2.194448,15003
update,2.206765,15092
lookup,96.550562,749973
