OPERATION,TIME (s),OCCURENCES
insert,0.092228,35075
inplace_insert,0.202879,4925
remove,0.213971,5013
update,0.221248,5089
lookup,18.237083,449898
Total:,19.073309
