OPERATION,TIME (s),OCCURENCES
insert,0.427866,470019
inplace_insert,1.267259,10074
remove,1.337287,10081
update,1.326128,10090
lookup,61.764772,499736
Total:,66.401684
