OPERATION,TIME (s),OCCURENCES
insert,0.028795,234547
inplace_insert,0.260902,4977
remove,0.284908,5040
update,0.287655,5111
lookup,13.051232,250325
Total:,14.030814
