OPERATION,FLUSH,OCCURENCES
insert,13995.000000,14108
inplace_insert,5842.000000,1956
remove,3942.000000,1976
update,5850.000000,1960
lookup,143.000000,180000
