OPERATION,TIME (s),OCCURENCES
insert,0.020197,104772
inplace_insert,1.320916,15103
remove,1.315638,15194
update,1.280203,15064
lookup,115.814056,1349867
