OPERATION,TIME (s),OCCURENCES
insert,0.111110,870073
inplace_insert,1.364744,9947
remove,1.438510,9964
update,1.431093,10002
lookup,13.551926,100014
Total:,18.218257
