OPERATION,TIME (s),OCCURENCES
insert,0.042958,434877
inplace_insert,0.130163,4933
remove,0.129872,5013
update,0.128538,5062
lookup,1.320945,50115
Total:,1.860602
