OPERATION,TIME (s),OCCURENCES
insert,0.055004,434877
inplace_insert,0.308755,4933
remove,0.331411,5013
update,0.328604,5062
lookup,3.123483,50115
Total:,4.314539
