OPERATION,TIME (s),OCCURENCES
insert,0.060438,470019
inplace_insert,0.688295,10074
remove,0.699407,10081
update,0.683233,10090
lookup,34.552193,499736
Total:,36.915549
