OPERATION,TIME,OCCURENCES
insert,0.126486,150123
inplace_insert,2.718810,10093
remove,3.192749,10090
update,3.157764,10007
lookup,5.279047,19687
