OPERATION,TIME (s),OCCURENCES
insert,0.210554,234547
inplace_insert,0.266038,4977
remove,0.287763,5040
update,0.292861,5111
lookup,5.397350,250325
Total:,6.580946
