OPERATION,TIME (s),OCCURENCES
insert,0.029279,35075
inplace_insert,0.201642,4925
remove,0.214074,5013
update,0.223440,5089
lookup,6.274547,449898
Total:,7.032028
