OPERATION,TIME (s),OCCURENCES
insert,0.032186,35075
inplace_insert,0.217480,4925
remove,0.230736,5013
update,0.240912,5089
lookup,6.746543,449898
Total:,7.569557
