OPERATION,TIME (s),OCCURENCES
insert,0.137557,870073
inplace_insert,0.502990,9947
remove,0.499597,9964
update,0.501953,10002
lookup,4.890595,100014
Total:,6.837326
