OPERATION,FLUSH,OCCURENCES
insert,59999999.000000,10000000
inplace_insert,0.000000,0
remove,0.000000,0
update,0.000000,0
lookup,0.000000,0
Total:,60000000.000000
