OPERATION,TIME (s),OCCURENCES
insert,0.448540,470019
inplace_insert,1.281633,10074
remove,1.350406,10081
update,1.339392,10090
lookup,62.418895,499736
Total:,67.138435
