OPERATION,TIME (s),OCCURENCES
insert,0.054544,434877
inplace_insert,0.131876,4933
remove,0.135699,5013
update,0.136515,5062
lookup,1.306322,50115
Total:,1.938844
