OPERATION,TIME (s),OCCURENCES
insert,0.386948,434877
inplace_insert,0.306158,4933
remove,0.327777,5013
update,0.326924,5062
lookup,3.093167,50115
Total:,4.592063
