OPERATION,TIME (s),OCCURENCES
insert,0.007458,70007
inplace_insert,0.387445,9994
remove,0.408812,10103
update,0.403252,10091
lookup,34.507175,899805
Total:,35.903960
