OPERATION,TIME,OCCURENCES
insert,0.127515,150123
inplace_insert,2.727328,10093
remove,3.194802,10090
update,3.156777,10007
lookup,5.253508,19687
