OPERATION,TIME (s),OCCURENCES
insert,0.054877,434877
inplace_insert,0.529573,4933
remove,0.542350,5013
update,0.544546,5062
lookup,5.379531,50115
Total:,7.222108
