OPERATION,TIME (s),OCCURENCES
insert,0.042761,434877
inplace_insert,0.130262,4933
remove,0.130199,5013
update,0.128812,5062
lookup,1.321287,50115
Total:,1.861612
