OPERATION,TIME (s),OCCURENCES
insert,0.375106,434877
inplace_insert,0.302883,4933
remove,0.322086,5013
update,0.322555,5062
lookup,3.039875,50115
Total:,4.509461
