OPERATION,TIME (s),OCCURENCES
insert,0.004517,35075
inplace_insert,0.019261,4925
remove,0.017153,5013
update,0.018301,5089
lookup,1.553579,449898
Total:,1.706141
