OPERATION,FLUSH,OCCURENCES
insert,1431.000000,35075
inplace_insert,220.000000,4925
remove,323.000000,5013
update,186.000000,5089
lookup,26686.000000,449898
Total:,1977.000000
