OPERATION,TIME (s),OCCURENCES
insert,0.004469,35075
inplace_insert,0.019616,4925
remove,0.017560,5013
update,0.018678,5089
lookup,1.588656,449898
Total:,1.742785
