OPERATION,FLUSH,OCCURENCES
insert,231.000000,704817
inplace_insert,30353.000000,15115
remove,30038.000000,15003
update,30302.000000,15092
lookup,5417.000000,749973
