OPERATION,TIME (s),OCCURENCES
insert,0.052799,434877
inplace_insert,0.122924,4933
remove,0.127000,5013
update,0.127725,5062
lookup,1.219136,50115
Total:,1.819981
