OPERATION,TIME (s),OCCURENCES
insert,0.229799,234547
inplace_insert,0.263239,4977
remove,0.284515,5040
update,0.289863,5111
lookup,5.339712,250325
Total:,6.531652
