OPERATION,FLUSH,OCCURENCES
insert,148824.000000,150123
inplace_insert,30481.000000,10093
remove,20385.000000,10090
update,30225.000000,10007
lookup,509.000000,19687
