OPERATION,TIME (s),OCCURENCES
insert,0.730080,704817
inplace_insert,1.946069,15115
remove,2.172775,15003
update,2.177050,15092
lookup,95.733791,749973
