OPERATION,TIME,OCCURENCES
insert,0.128941,150123
inplace_insert,2.728533,10093
remove,3.204429,10090
update,3.166801,10007
lookup,5.297918,19687
