OPERATION,TIME (s),OCCURENCES
insert,0.007987,70007
inplace_insert,0.057942,9994
remove,0.054486,10103
update,0.055321,10091
lookup,4.893199,899805
Total:,5.249765
