OPERATION,TIME (s),OCCURENCES
insert,0.004323,35075
inplace_insert,0.002088,4925
remove,0.000421,5013
update,0.001013,5089
lookup,0.022403,449898
Total:,0.112741
