OPERATION,TIME (s),OCCURENCES
insert,0.095092,870073
inplace_insert,0.709836,9947
remove,0.770202,9964
update,0.762063,10002
lookup,7.070279,100014
Total:,9.635745
