OPERATION,TIME (s),OCCURENCES
insert,0.778103,870073
inplace_insert,1.414259,9947
remove,1.490078,9964
update,1.484799,10002
lookup,14.047986,100014
Total:,19.504649
