OPERATION,TIME (s),OCCURENCES
insert,0.003725,35075
inplace_insert,0.069498,4925
remove,0.067991,5013
update,0.070612,5089
lookup,6.245960,449898
Total:,6.551215
