OPERATION,FLUSH,OCCURENCES
insert,2314.000000,470019
inplace_insert,1915.000000,10074
remove,1059.000000,10081
update,1263.000000,10090
lookup,50304.000000,499736
Total:,5299.000000
