OPERATION,FLUSH,OCCURENCES
insert,0.000000,234547
inplace_insert,0.000000,4977
remove,0.000000,5040
update,0.000000,5111
lookup,0.000000,250325
Total:,1.000000
