OPERATION,TIME (s),OCCURENCES
insert,0.404656,470019
inplace_insert,1.274131,10074
remove,1.342011,10081
update,1.332286,10090
lookup,62.123326,499736
Total:,66.752463
