OPERATION,TIME (s),OCCURENCES
insert,0.204502,234547
inplace_insert,0.281148,4977
remove,0.301170,5040
update,0.306807,5111
lookup,14.026132,250325
Total:,15.262157
