OPERATION,TIME (s),OCCURENCES
insert,0.009649,70007
inplace_insert,0.932974,9994
remove,0.994034,10103
update,0.982471,10091
lookup,82.854800,899805
Total:,86.006201
