OPERATION,TIME (s),OCCURENCES
insert,0.004248,35075
inplace_insert,0.098917,4925
remove,0.097214,5013
update,0.099549,5089
lookup,8.802915,449898
Total:,9.194518
