OPERATION,TIME (s),OCCURENCES
insert,0.030240,35075
inplace_insert,0.213816,4925
remove,0.222384,5013
update,0.234584,5089
lookup,19.114522,449898
Total:,19.927938
