OPERATION,TIME (s),OCCURENCES
insert,0.003808,35075
inplace_insert,0.072833,4925
remove,0.071704,5013
update,0.074177,5089
lookup,6.553763,449898
Total:,6.871939
