OPERATION,TIME (s),OCCURENCES
insert,0.051064,434877
inplace_insert,0.495478,4933
remove,0.508497,5013
update,0.510099,5062
lookup,5.035470,50115
Total:,6.765015
