OPERATION,TIME (s),OCCURENCES
insert,0.009362,70007
inplace_insert,0.920742,9994
remove,0.978243,10103
update,0.966853,10091
lookup,81.556117,899805
Total:,84.662530
