OPERATION,TIME (s),OCCURENCES
insert,0.202793,234547
inplace_insert,0.263036,4977
remove,0.284754,5040
update,0.290108,5111
lookup,5.357666,250325
Total:,6.524400
