OPERATION,TIME (s),OCCURENCES
insert,0.061258,70007
inplace_insert,0.932442,9994
remove,0.989565,10103
update,0.982665,10091
lookup,82.704926,899805
Total:,85.913854
