OPERATION,TIME (s),OCCURENCES
insert,0.062038,470019
inplace_insert,0.598297,10074
remove,0.658285,10081
update,0.652113,10090
lookup,29.216868,499736
Total:,31.409094
