OPERATION,TIME (s),OCCURENCES
insert,0.050687,434877
inplace_insert,0.494447,4933
remove,0.509135,5013
update,0.510985,5062
lookup,5.026282,50115
Total:,6.754307
