OPERATION,TIME (s),OCCURENCES
insert,0.060183,70007
inplace_insert,0.943579,9994
remove,1.002398,10103
update,0.995921,10091
lookup,83.661479,899805
Total:,86.891797
