OPERATION,FLUSH,OCCURENCES
insert,8578.000000,470019
inplace_insert,1548.000000,10074
remove,1317.000000,10081
update,1094.000000,10090
lookup,59956.000000,499736
Total:,11477.000000
