OPERATION,TIME (s),OCCURENCES
insert,0.029849,35075
inplace_insert,0.202352,4925
remove,0.214584,5013
update,0.224251,5089
lookup,6.280402,449898
Total:,7.045308
