OPERATION,TIME,OCCURENCES
insert,0.035827,150123
inplace_insert,2.735498,10093
remove,3.182629,10090
update,3.151467,10007
lookup,5.306733,19687
