OPERATION,TIME (s),OCCURENCES
insert,0.023637,234547
inplace_insert,0.105794,4977
remove,0.105323,5040
update,0.106626,5111
lookup,5.306375,250325
Total:,5.751349
