OPERATION,TIME (s),OCCURENCES
insert,0.205144,234547
inplace_insert,0.281933,4977
remove,0.302035,5040
update,0.307849,5111
lookup,14.075361,250325
Total:,15.310018
