OPERATION,FLUSH,OCCURENCES
insert,4228901.000000,704817
inplace_insert,75575.000000,15115
remove,30006.000000,15003
update,75460.000000,15092
lookup,749973.000000,749973
