OPERATION,TIME (s),OCCURENCES
insert,0.090620,104772
inplace_insert,1.258386,15103
remove,1.246536,15194
update,1.218695,15064
lookup,110.268670,1349867
