OPERATION,TIME (s),OCCURENCES
insert,0.625588,704817
inplace_insert,1.978965,15115
remove,2.187725,15003
update,2.203149,15092
lookup,96.378763,749973
