OPERATION,TIME (s),OCCURENCES
insert,0.750689,870073
inplace_insert,1.422717,9947
remove,1.501932,9964
update,1.499238,10002
lookup,14.124717,100014
Total:,19.599664
