OPERATION,TIME (s),OCCURENCES
insert,0.030328,234547
inplace_insert,0.280506,4977
remove,0.303159,5040
update,0.306027,5111
lookup,14.003314,250325
Total:,15.040348
