OPERATION,TIME (s),OCCURENCES
insert,0.201254,234547
inplace_insert,0.262367,4977
remove,0.283689,5040
update,0.289027,5111
lookup,5.321263,250325
Total:,6.480388
