OPERATION,FLUSH,OCCURENCES
insert,137.000000,704817
inplace_insert,30342.000000,15115
remove,30045.000000,15003
update,30304.000000,15092
lookup,5531.000000,749973
