OPERATION,FLUSH,OCCURENCES
insert,1363.000000,35075
inplace_insert,285.000000,4925
remove,267.000000,5013
update,210.000000,5089
lookup,26289.000000,449898
Total:,1922.000000
