OPERATION,FLUSH,OCCURENCES
insert,5.000000,104772
inplace_insert,30197.000000,15103
remove,30320.000000,15194
update,30116.000000,15064
lookup,981.000000,1349867
