OPERATION,TIME (s),OCCURENCES
insert,0.024099,234547
inplace_insert,0.105846,4977
remove,0.105625,5040
update,0.106951,5111
lookup,5.311719,250325
Total:,5.760136
