OPERATION,FLUSH,OCCURENCES
insert,0.000000,870073
inplace_insert,0.000000,9947
remove,0.000000,9964
update,0.000000,10002
lookup,0.000000,100014
Total:,1.000000
