OPERATION,TIME (s),OCCURENCES
insert,0.092868,870073
inplace_insert,0.722833,9947
remove,0.779858,9964
update,0.775182,10002
lookup,7.195409,100014
Total:,9.786469
