OPERATION,FLUSH,OCCURENCES
insert,133.000000,704817
inplace_insert,30353.000000,15115
remove,30044.000000,15003
update,30298.000000,15092
lookup,5515.000000,749973
