OPERATION,TIME,OCCURENCES
insert,0.034678,150123
inplace_insert,2.736408,10093
remove,3.190200,10090
update,3.155152,10007
lookup,5.321757,19687
