OPERATION,TIME,OCCURENCES
insert,0.075801,87999
inplace_insert,0.612584,3955
remove,0.743057,4031
update,0.746439,4048
lookup,15.211890,99967
