OPERATION,TIME (s),OCCURENCES
insert,0.028957,234547
inplace_insert,0.278853,4977
remove,0.301535,5040
update,0.304486,5111
lookup,13.945534,250325
Total:,14.977879
