OPERATION,TIME (s),OCCURENCES
insert,0.057571,70007
inplace_insert,0.937634,9994
remove,0.994392,10103
update,0.987682,10091
lookup,83.192295,899805
Total:,86.419928
