OPERATION,TIME (s),OCCURENCES
insert,0.067060,470019
inplace_insert,11.789362,10074
remove,11.918745,10081
update,11.295604,10090
lookup,566.387974,499736
Total:,601.714722
