OPERATION,TIME (s),OCCURENCES
insert,0.004592,35075
inplace_insert,0.019946,4925
remove,0.017931,5013
update,0.019118,5089
lookup,1.632670,449898
Total:,1.788510
