OPERATION,TIME (s),OCCURENCES
insert,0.003583,35075
inplace_insert,0.070828,4925
remove,0.069356,5013
update,0.071999,5089
lookup,6.367858,449898
Total:,6.676058
