OPERATION,FLUSH,OCCURENCES
insert,5.000000,104772
inplace_insert,30198.000000,15103
remove,30319.000000,15194
update,30115.000000,15064
lookup,987.000000,1349867
