OPERATION,TIME (s),OCCURENCES
insert,0.378487,434877
inplace_insert,0.305165,4933
remove,0.327303,5013
update,0.325588,5062
lookup,3.078877,50115
Total:,4.581425
