OPERATION,TIME (s),OCCURENCES
insert,0.004461,35075
inplace_insert,0.018304,4925
remove,0.016195,5013
update,0.017332,5089
lookup,1.468964,449898
Total:,1.615459
