OPERATION,TIME (s),OCCURENCES
insert,0.381739,434877
inplace_insert,0.305099,4933
remove,0.323917,5013
update,0.323810,5062
lookup,3.059372,50115
Total:,4.546792
