OPERATION,FLUSH,OCCURENCES
insert,784.000000,1305064
inplace_insert,30713.000000,14959
remove,30497.000000,14888
update,30885.000000,15049
lookup,8014.000000,150040
