OPERATION,FLUSH,OCCURENCES
insert,900738.000000,150123
inplace_insert,60557.000000,10093
remove,20180.000000,10090
update,60042.000000,10007
lookup,19687.000000,19687
