OPERATION,TIME (s),OCCURENCES
insert,0.092795,104772
inplace_insert,1.329777,15103
remove,1.320231,15194
update,1.288274,15064
lookup,116.374316,1349867
