OPERATION,TIME (s),OCCURENCES
insert,0.065759,470019
inplace_insert,1.288119,10074
remove,1.356632,10081
update,1.343974,10090
lookup,62.230534,499736
Total:,66.528390
