OPERATION,TIME (s),OCCURENCES
insert,0.664509,704817
inplace_insert,2.004283,15115
remove,2.223481,15003
update,2.231756,15092
lookup,98.554264,749973
