OPERATION,TIME (s),OCCURENCES
insert,0.046776,434877
inplace_insert,0.140804,4933
remove,0.141510,5013
update,0.138987,5062
lookup,1.428408,50115
Total:,2.015483
