OPERATION,TIME (s),OCCURENCES
insert,0.100621,870073
inplace_insert,0.474242,9947
remove,0.473287,9964
update,0.474571,10002
lookup,4.634577,100014
Total:,6.475294
