OPERATION,FLUSH,OCCURENCES
insert,0.000000,70007
inplace_insert,0.000000,9994
remove,0.000000,10103
update,0.000000,10091
lookup,0.000000,899805
Total:,1.000000
