OPERATION,TIME (s),OCCURENCES
insert,0.073635,470019
inplace_insert,0.620089,10074
remove,0.683931,10081
update,0.676764,10090
lookup,30.268016,499736
Total:,32.554021
