OPERATION,TIME (s),OCCURENCES
insert,0.293910,1305064
inplace_insert,2.313234,14959
remove,2.518784,14888
update,2.555255,15049
lookup,22.982879,150040
