OPERATION,TIME (s),OCCURENCES
insert,0.063998,470019
inplace_insert,1.282224,10074
remove,1.357151,10081
update,1.348967,10090
lookup,62.291634,499736
Total:,66.585189
