OPERATION,TIME (s),OCCURENCES
insert,0.031102,35075
inplace_insert,0.216877,4925
remove,0.230507,5013
update,0.240340,5089
lookup,6.735990,449898
Total:,7.554011
