OPERATION,FLUSH,OCCURENCES
insert,527.000000,1305064
inplace_insert,30741.000000,14959
remove,30527.000000,14888
update,30876.000000,15049
lookup,8237.000000,150040
