OPERATION,TIME (s),OCCURENCES
insert,0.132628,704817
inplace_insert,1.974757,15115
remove,2.214733,15003
update,2.203607,15092
lookup,97.163765,749973
