OPERATION,TIME,OCCURENCES
insert,0.019815,87999
inplace_insert,0.612260,3955
remove,0.738691,4031
update,0.742655,4048
lookup,15.299402,99967
