OPERATION,TIME (s),OCCURENCES
insert,0.060302,70007
inplace_insert,0.929388,9994
remove,0.985740,10103
update,0.979221,10091
lookup,82.441525,899805
Total:,85.637165
