OPERATION,FLUSH,OCCURENCES
insert,7570.000000,470019
inplace_insert,1264.000000,10074
remove,1168.000000,10081
update,900.000000,10090
lookup,53229.000000,499736
Total:,10029.000000
