OPERATION,TIME (s),OCCURENCES
insert,0.107944,870073
inplace_insert,0.498690,9947
remove,0.503033,9964
update,0.504219,10002
lookup,4.900053,100014
Total:,6.821546
