OPERATION,FLUSH,OCCURENCES
insert,527993.000000,87999
inplace_insert,23730.000000,3955
remove,8062.000000,4031
update,24288.000000,4048
lookup,99967.000000,99967
