OPERATION,TIME,OCCURENCES
insert,0.124814,150123
inplace_insert,2.720995,10093
remove,3.192949,10090
update,3.159561,10007
lookup,5.283991,19687
