OPERATION,FLUSH,OCCURENCES
insert,550.000000,1305064
inplace_insert,30746.000000,14959
remove,30525.000000,14888
update,30887.000000,15049
lookup,8212.000000,150040
