OPERATION,TIME (s),OCCURENCES
insert,0.063772,470019
inplace_insert,1.278509,10074
remove,1.359577,10081
update,1.387127,10090
lookup,62.429358,499736
Total:,66.758940
