OPERATION,TIME (s),OCCURENCES
insert,0.009684,70007
inplace_insert,0.934082,9994
remove,0.991931,10103
update,0.981261,10091
lookup,82.655960,899805
Total:,85.807956
