OPERATION,FLUSH,OCCURENCES
insert,148827.000000,150123
inplace_insert,30479.000000,10093
remove,20386.000000,10090
update,30219.000000,10007
lookup,508.000000,19687
