OPERATION,TIME (s),OCCURENCES
insert,0.003528,35075
inplace_insert,0.069415,4925
remove,0.068093,5013
update,0.070634,5089
lookup,6.245435,449898
Total:,6.548393
