OPERATION,TIME (s),OCCURENCES
insert,1.185262,1305064
inplace_insert,2.241712,14959
remove,2.453929,14888
update,2.499554,15049
lookup,22.279635,150040
