OPERATION,TIME (s),OCCURENCES
insert,0.004058,35075
inplace_insert,0.072608,4925
remove,0.070632,5013
update,0.073289,5089
lookup,6.417506,449898
Total:,6.728787
