OPERATION,FLUSH,OCCURENCES
insert,10.000000,104772
inplace_insert,30199.000000,15103
remove,30318.000000,15194
update,30117.000000,15064
lookup,979.000000,1349867
