OPERATION,TIME (s),OCCURENCES
insert,0.028663,234547
inplace_insert,0.114680,4977
remove,0.112345,5040
update,0.116895,5111
lookup,5.746231,250325
Total:,6.229309
