OPERATION,TIME (s),OCCURENCES
insert,0.196896,1305064
inplace_insert,2.267885,14959
remove,2.477812,14888
update,2.513775,15049
lookup,22.567270,150040
