OPERATION,TIME (s),OCCURENCES
insert,0.003713,35075
inplace_insert,0.069652,4925
remove,0.068337,5013
update,0.070863,5089
lookup,6.250687,449898
Total:,6.557823
