OPERATION,TIME (s),OCCURENCES
insert,0.030080,35075
inplace_insert,0.207258,4925
remove,0.219663,5013
update,0.229368,5089
lookup,6.429067,449898
Total:,7.213219
