OPERATION,TIME (s),OCCURENCES
insert,0.029923,234547
inplace_insert,0.124365,4977
remove,0.121012,5040
update,0.125805,5111
lookup,6.202145,250325
Total:,6.719896
