OPERATION,FLUSH,OCCURENCES
insert,582.000000,1305064
inplace_insert,30728.000000,14959
remove,30530.000000,14888
update,30879.000000,15049
lookup,8129.000000,150040
