OPERATION,TIME (s),OCCURENCES
insert,0.008099,70007
inplace_insert,0.388198,9994
remove,0.407017,10103
update,0.401153,10091
lookup,34.591216,899805
Total:,36.004189
