OPERATION,TIME (s),OCCURENCES
insert,0.008326,70007
inplace_insert,0.060466,9994
remove,0.055461,10103
update,0.056353,10091
lookup,5.053298,899805
Total:,5.411018
