OPERATION,TIME,OCCURENCES
insert,0.002949,14108
inplace_insert,0.055255,1956
remove,0.061628,1976
update,0.061138,1960
lookup,4.946567,180000
