OPERATION,TIME (s),OCCURENCES
insert,0.104092,870073
inplace_insert,0.499554,9947
remove,0.501002,9964
update,0.502818,10002
lookup,4.877739,100014
Total:,6.790728
