OPERATION,TIME (s),OCCURENCES
insert,0.225272,1305064
inplace_insert,2.369610,14959
remove,2.543725,14888
update,2.580103,15049
lookup,23.556542,150040
