OPERATION,TIME (s),OCCURENCES
insert,0.055122,434877
inplace_insert,0.310396,4933
remove,0.332184,5013
update,0.328509,5062
lookup,3.119840,50115
Total:,4.296385
