OPERATION,TIME (s),OCCURENCES
insert,0.201001,470019
inplace_insert,0.388656,10074
remove,0.376469,10081
update,0.376575,10090
lookup,18.423462,499736
Total:,20.027547
