OPERATION,TIME (s),OCCURENCES
insert,0.063960,470019
inplace_insert,0.612154,10074
remove,0.670126,10081
update,0.663643,10090
lookup,29.910643,499736
Total:,32.160076
