OPERATION,FLUSH,OCCURENCES
insert,87250.000000,87999
inplace_insert,11859.000000,3955
remove,8071.000000,4031
update,12150.000000,4048
lookup,663.000000,99967
