OPERATION,TIME,OCCURENCES
insert,0.019710,87999
inplace_insert,0.609862,3955
remove,0.736116,4031
update,0.741637,4048
lookup,15.227107,99967
