OPERATION,TIME (s),OCCURENCES
insert,0.386422,434877
inplace_insert,0.285224,4933
remove,0.306974,5013
update,0.306471,5062
lookup,1.312082,50115
Total:,2.746871
