OPERATION,TIME (s),OCCURENCES
insert,0.052503,434877
inplace_insert,0.290037,4933
remove,0.313134,5013
update,0.309894,5062
lookup,2.931998,50115
Total:,4.057140
