OPERATION,TIME (s),OCCURENCES
insert,0.029122,234547
inplace_insert,0.260861,4977
remove,0.284729,5040
update,0.287789,5111
lookup,13.050594,250325
Total:,14.034927
