OPERATION,TIME (s),OCCURENCES
insert,0.007898,35075
inplace_insert,0.212465,4925
remove,0.228112,5013
update,0.235650,5089
lookup,19.085043,449898
Total:,19.884266
