OPERATION,TIME (s),OCCURENCES
insert,0.100853,870073
inplace_insert,0.501305,9947
remove,0.501205,9964
update,0.502702,10002
lookup,4.866572,100014
Total:,6.771978
