OPERATION,TIME (s),OCCURENCES
insert,0.051197,434877
inplace_insert,0.494401,4933
remove,0.507703,5013
update,0.509311,5062
lookup,5.017999,50115
Total:,6.743646
