OPERATION,TIME (s),OCCURENCES
insert,0.007622,70007
inplace_insert,0.359460,9994
remove,0.378009,10103
update,0.373162,10091
lookup,31.964454,899805
Total:,33.276630
