OPERATION,TIME (s),OCCURENCES
insert,0.023476,234547
inplace_insert,0.105668,4977
remove,0.105261,5040
update,0.106414,5111
lookup,5.301190,250325
Total:,5.744424
