OPERATION,TIME (s),OCCURENCES
insert,0.030416,35075
inplace_insert,0.215650,4925
remove,0.224790,5013
update,0.234021,5089
lookup,19.284650,449898
Total:,20.100143
