OPERATION,FLUSH,OCCURENCES
insert,0.000000,35075
inplace_insert,9819.000000,4925
remove,9996.000000,5013
update,10158.000000,5089
lookup,0.000000,449898
Total:,19816.000000
