OPERATION,FLUSH,OCCURENCES
insert,2820113.000000,470019
inplace_insert,50370.000000,10074
remove,20162.000000,10081
update,50450.000000,10090
lookup,499736.000000,499736
Total:,2890646.000000
