OPERATION,TIME (s),OCCURENCES
insert,0.052525,434877
inplace_insert,0.285366,4933
remove,0.308214,5013
update,0.305037,5062
lookup,2.881833,50115
Total:,3.989342
