OPERATION,TIME (s),OCCURENCES
insert,0.061767,470019
inplace_insert,3.180698,10074
remove,3.177212,10081
update,3.029144,10090
lookup,153.114507,499736
Total:,162.812192
