OPERATION,TIME (s),OCCURENCES
insert,0.009532,70007
inplace_insert,0.940022,9994
remove,1.002820,10103
update,0.993578,10091
lookup,83.483263,899805
Total:,86.671249
