OPERATION,TIME (s),OCCURENCES
insert,0.194378,234547
inplace_insert,0.262366,4977
remove,0.283368,5040
update,0.288736,5111
lookup,5.323144,250325
Total:,6.474823
