OPERATION,TIME (s),OCCURENCES
insert,0.061668,470019
inplace_insert,0.683913,10074
remove,0.697347,10081
update,0.680277,10090
lookup,34.400778,499736
Total:,36.759014
