OPERATION,TIME (s),OCCURENCES
insert,0.003696,35075
inplace_insert,0.069499,4925
remove,0.068106,5013
update,0.070677,5089
lookup,6.240854,449898
Total:,6.545549
