OPERATION,TIME (s),OCCURENCES
insert,0.008227,70007
inplace_insert,0.379295,9994
remove,0.402762,10103
update,0.397166,10091
lookup,33.765389,899805
Total:,35.157769
