OPERATION,TIME (s),OCCURENCES
insert,0.008172,70007
inplace_insert,0.386887,9994
remove,0.404170,10103
update,0.399169,10091
lookup,34.434752,899805
Total:,35.838848
