OPERATION,TIME (s),OCCURENCES
insert,0.092152,870073
inplace_insert,0.715342,9947
remove,0.771021,9964
update,0.767376,10002
lookup,7.117074,100014
Total:,9.684973
