OPERATION,TIME,OCCURENCES
insert,0.079215,87999
inplace_insert,0.610834,3955
remove,0.741186,4031
update,0.743696,4048
lookup,15.187869,99967
