OPERATION,TIME (s),OCCURENCES
insert,0.024708,234547
inplace_insert,0.105835,4977
remove,0.105430,5040
update,0.106676,5111
lookup,5.306559,250325
Total:,5.755774
