OPERATION,TIME (s),OCCURENCES
insert,0.005762,35075
inplace_insert,0.202903,4925
remove,0.214092,5013
update,0.224862,5089
lookup,18.235079,449898
Total:,18.989263
