OPERATION,TIME,OCCURENCES
insert,0.034895,150123
inplace_insert,2.738873,10093
remove,3.193804,10090
update,3.141088,10007
lookup,5.275775,19687
