OPERATION,TIME (s),OCCURENCES
insert,0.027078,234547
inplace_insert,0.427672,4977
remove,0.418160,5040
update,0.437353,5111
lookup,21.783952,250325
Total:,23.210122
