OPERATION,FLUSH,OCCURENCES
insert,1375.000000,35075
inplace_insert,333.000000,4925
remove,301.000000,5013
update,262.000000,5089
lookup,26030.000000,449898
Total:,2012.000000
