OPERATION,TIME,OCCURENCES
insert,0.073795,87999
inplace_insert,0.609341,3955
remove,0.740228,4031
update,0.743450,4048
lookup,15.155946,99967
