OPERATION,TIME (s),OCCURENCES
insert,0.220173,234547
inplace_insert,0.280091,4977
remove,0.300105,5040
update,0.305336,5111
lookup,13.978103,250325
Total:,15.220553
