OPERATION,TIME (s),OCCURENCES
insert,0.706332,704817
inplace_insert,1.966762,15115
remove,2.189757,15003
update,2.198487,15092
lookup,96.605446,749973
