OPERATION,TIME (s),OCCURENCES
insert,0.054431,434877
inplace_insert,0.286582,4933
remove,0.307182,5013
update,0.304356,5062
lookup,2.891603,50115
Total:,4.001852
