OPERATION,TIME (s),OCCURENCES
insert,0.384107,434877
inplace_insert,0.307363,4933
remove,0.333011,5013
update,0.330129,5062
lookup,1.413018,50115
Total:,2.915612
