OPERATION,TIME (s),OCCURENCES
insert,0.790578,870073
inplace_insert,1.387013,9947
remove,1.461721,9964
update,1.459257,10002
lookup,13.793857,100014
Total:,19.207227
