OPERATION,TIME (s),OCCURENCES
insert,0.054723,434877
inplace_insert,0.306288,4933
remove,0.329299,5013
update,0.325705,5062
lookup,3.097786,50115
Total:,4.277594
