OPERATION,FLUSH,OCCURENCES
insert,2609261.000000,434877
inplace_insert,24665.000000,4933
remove,10026.000000,5013
update,25310.000000,5062
lookup,50115.000000,50115
Total:,2643953.000000
