OPERATION,TIME,OCCURENCES
insert,0.020243,87999
inplace_insert,0.611000,3955
remove,0.736600,4031
update,0.741263,4048
lookup,15.263521,99967
