OPERATION,TIME,OCCURENCES
insert,0.036084,150123
inplace_insert,2.738298,10093
remove,3.195549,10090
update,3.148449,10007
lookup,5.320657,19687
