OPERATION,TIME (s),OCCURENCES
insert,0.112355,870073
inplace_insert,1.386710,9947
remove,1.468578,9964
update,1.463557,10002
lookup,13.782718,100014
Total:,18.542850
