OPERATION,TIME (s),OCCURENCES
insert,0.146268,704817
inplace_insert,1.983385,15115
remove,2.212362,15003
update,2.212897,15092
lookup,97.402671,749973
