OPERATION,FLUSH,OCCURENCES
insert,6880.000000,470019
inplace_insert,1505.000000,10074
remove,1114.000000,10081
update,1261.000000,10090
lookup,53499.000000,499736
Total:,9524.000000
