OPERATION,FLUSH,OCCURENCES
insert,557.000000,1305064
inplace_insert,30734.000000,14959
remove,30528.000000,14888
update,30875.000000,15049
lookup,8195.000000,150040
