OPERATION,TIME (s),OCCURENCES
insert,0.023990,234547
inplace_insert,0.105907,4977
remove,0.105485,5040
update,0.107841,5111
lookup,5.311863,250325
Total:,5.761270
