OPERATION,TIME (s),OCCURENCES
insert,0.061073,70007
inplace_insert,0.924464,9994
remove,0.980430,10103
update,0.974226,10091
lookup,82.026172,899805
Total:,85.204210
