OPERATION,FLUSH,OCCURENCES
insert,7441.000000,234547
inplace_insert,814.000000,4977
remove,778.000000,5040
update,501.000000,5111
lookup,32065.000000,250325
Total:,9074.000000
