OPERATION,TIME (s),OCCURENCES
insert,0.053225,434877
inplace_insert,0.123127,4933
remove,0.126451,5013
update,0.127164,5062
lookup,1.214888,50115
Total:,1.817074
