OPERATION,TIME,OCCURENCES
insert,0.011487,14108
inplace_insert,0.055222,1956
remove,0.061346,1976
update,0.061249,1960
lookup,4.942754,180000
