OPERATION,TIME,OCCURENCES
insert,0.003088,14108
inplace_insert,0.055175,1956
remove,0.061590,1976
update,0.061273,1960
lookup,4.961785,180000
