OPERATION,TIME (s),OCCURENCES
insert,0.028273,234547
inplace_insert,0.428531,4977
remove,0.419596,5040
update,0.438682,5111
lookup,21.807791,250325
Total:,23.229891
