OPERATION,TIME (s),OCCURENCES
insert,0.206345,234547
inplace_insert,0.263705,4977
remove,0.282278,5040
update,0.287762,5111
lookup,13.147306,250325
Total:,14.323718
