OPERATION,TIME (s),OCCURENCES
insert,0.045821,434877
inplace_insert,0.139223,4933
remove,0.139013,5013
update,0.137517,5062
lookup,1.412644,50115
Total:,1.988145
