OPERATION,TIME (s),OCCURENCES
insert,0.003692,35075
inplace_insert,0.069628,4925
remove,0.068482,5013
update,0.070968,5089
lookup,6.255946,449898
Total:,6.561327
