OPERATION,TIME (s),OCCURENCES
insert,0.183068,1305064
inplace_insert,2.286631,14959
remove,2.480308,14888
update,2.605446,15049
lookup,22.767628,150040
