OPERATION,TIME (s),OCCURENCES
insert,1.263080,1305064
inplace_insert,2.266066,14959
remove,2.474918,14888
update,2.521330,15049
lookup,22.511369,150040
