OPERATION,TIME (s),OCCURENCES
insert,0.201745,234547
inplace_insert,0.270948,4977
remove,0.289664,5040
update,0.295766,5111
lookup,13.511579,250325
Total:,14.702919
