OPERATION,TIME (s),OCCURENCES
insert,0.042950,434877
inplace_insert,0.130252,4933
remove,0.130035,5013
update,0.128629,5062
lookup,1.321389,50115
Total:,1.860437
