OPERATION,TIME (s),OCCURENCES
insert,0.227644,1305064
inplace_insert,2.463793,14959
remove,2.529456,14888
update,2.563203,15049
lookup,23.416521,150040
