OPERATION,TIME (s),OCCURENCES
insert,0.024023,234547
inplace_insert,0.106072,4977
remove,0.105826,5040
update,0.107092,5111
lookup,5.319361,250325
Total:,5.768482
