OPERATION,TIME,OCCURENCES
insert,0.075400,87999
inplace_insert,0.611512,3955
remove,0.742349,4031
update,0.746106,4048
lookup,15.224618,99967
