OPERATION,TIME (s),OCCURENCES
insert,0.030202,234547
inplace_insert,0.121511,4977
remove,0.118751,5040
update,0.122548,5111
lookup,6.061122,250325
Total:,6.570162
