OPERATION,FLUSH,OCCURENCES
insert,7025.000000,234547
inplace_insert,691.000000,4977
remove,639.000000,5040
update,480.000000,5111
lookup,32274.000000,250325
Total:,8386.000000
