OPERATION,FLUSH,OCCURENCES
insert,6.000000,104772
inplace_insert,30200.000000,15103
remove,30316.000000,15194
update,30117.000000,15064
lookup,982.000000,1349867
