OPERATION,TIME (s),OCCURENCES
insert,0.008632,70007
inplace_insert,0.064635,9994
remove,0.059475,10103
update,0.060315,10091
lookup,5.418981,899805
Total:,5.801606
