OPERATION,TIME,OCCURENCES
insert,0.011662,14108
inplace_insert,0.055255,1956
remove,0.061379,1976
update,0.061320,1960
lookup,4.938218,180000
