OPERATION,TIME,OCCURENCES
insert,0.003010,14108
inplace_insert,0.055391,1956
remove,0.061810,1976
update,0.061141,1960
lookup,4.960695,180000
