OPERATION,TIME (s),OCCURENCES
insert,0.373885,434877
inplace_insert,0.284912,4933
remove,0.306698,5013
update,0.306301,5062
lookup,1.309963,50115
Total:,2.755495
