OPERATION,TIME (s),OCCURENCES
insert,0.019028,104772
inplace_insert,1.311443,15103
remove,1.302317,15194
update,1.268009,15064
lookup,115.070961,1349867
