OPERATION,TIME (s),OCCURENCES
insert,0.030806,234547
inplace_insert,0.128903,4977
remove,0.126654,5040
update,0.131248,5111
lookup,6.472545,250325
Total:,7.004828
